Operation,ClientIP,UserType,ObjectId,Actor,SupportTicketId,ResultStatus,ModifiedProperties,OrganizationId,ActorIpAddress,Target,AzureActiveDirectoryEventType,UserKey,UserId,CreationTime,TargetContextId,Version,RecordType,ExtendedProperties,InterSystemsId,Workload,ActorContextId,IntraSystemId,Id,ApplicationId
UserLoggedIn,*REDACTED*,0,*REDACTED*,*REDACTED*,,Succeeded,*REDACTED*,*REDACTED*,*REDACTED*,*REDACTED*,1,*REDACTED*,*REDACTED*,2019-11-25T06:06:45,*REDACTED*,1,15,*REDACTED*,*REDACTED*,AzureActiveDirectory,*REDACTED*,*REDACTED*,*REDACTED*,*REDACTED*
UserLoggedIn,*REDACTED*,0,*REDACTED*,*REDACTED*,,Succeeded,*REDACTED*,*REDACTED*,*REDACTED*,*REDACTED*,1,*REDACTED*,*REDACTED*,2019-11-25T07:32:53,*REDACTED*,1,15,*REDACTED*,*REDACTED*,AzureActiveDirectory,*REDACTED*,*REDACTED*,*REDACTED*,*REDACTED*
UserLoggedIn,*REDACTED*,0,*REDACTED*,*REDACTED*,,Succeeded,*REDACTED*,*REDACTED*,*REDACTED*,*REDACTED*,1,*REDACTED*,*REDACTED*,2019-11-25T08:39:22,*REDACTED*,1,15,*REDACTED*,*REDACTED*,AzureActiveDirectory,*REDACTED*,*REDACTED*,*REDACTED*,*REDACTED*
UserLoggedIn,*REDACTED*,0,*REDACTED*,*REDACTED*,,Succeeded,*REDACTED*,*REDACTED*,*REDACTED*,*REDACTED*,1,*REDACTED*,*REDACTED*,2019-11-25T08:39:22,*REDACTED*,1,15,*REDACTED*,*REDACTED*,AzureActiveDirectory,*REDACTED*,*REDACTED*,*REDACTED*,*REDACTED*
UserLoggedIn,*REDACTED*,0,*REDACTED*,*REDACTED*,,Succeeded,*REDACTED*,*REDACTED*,*REDACTED*,*REDACTED*,1,*REDACTED*,*REDACTED*,2019-11-25T08:58:51,*REDACTED*,1,15,*REDACTED*,*REDACTED*,AzureActiveDirectory,*REDACTED*,*REDACTED*,*REDACTED*,*REDACTED*
UserLoggedIn,*REDACTED*,0,*REDACTED*,*REDACTED*,,Succeeded,*REDACTED*,*REDACTED*,*REDACTED*,*REDACTED*,1,*REDACTED*,*REDACTED*,2019-11-25T10:24:59,*REDACTED*,1,15,*REDACTED*,*REDACTED*,AzureActiveDirectory,*REDACTED*,*REDACTED*,*REDACTED*,*REDACTED*
UserLoggedIn,*REDACTED*,0,*REDACTED*,*REDACTED*,,Succeeded,*REDACTED*,*REDACTED*,*REDACTED*,*REDACTED*,1,*REDACTED*,*REDACTED*,2019-11-25T11:50:37,*REDACTED*,1,15,*REDACTED*,*REDACTED*,AzureActiveDirectory,*REDACTED*,*REDACTED*,*REDACTED*,*REDACTED*
UserLoggedIn,*REDACTED*,0,*REDACTED*,*REDACTED*,,Succeeded,*REDACTED*,*REDACTED*,*REDACTED*,*REDACTED*,1,*REDACTED*,*REDACTED*,2019-11-25T11:53:33,*REDACTED*,1,15,*REDACTED*,*REDACTED*,AzureActiveDirectory,*REDACTED*,*REDACTED*,*REDACTED*,*REDACTED*
UserLoggedIn,*REDACTED*,0,*REDACTED*,*REDACTED*,,Succeeded,*REDACTED*,*REDACTED*,*REDACTED*,*REDACTED*,1,*REDACTED*,*REDACTED*,2019-11-25T11:53:36,*REDACTED*,1,15,*REDACTED*,*REDACTED*,AzureActiveDirectory,*REDACTED*,*REDACTED*,*REDACTED*,*REDACTED*
UserLoggedIn,*REDACTED*,0,*REDACTED*,*REDACTED*,,Succeeded,*REDACTED*,*REDACTED*,*REDACTED*,*REDACTED*,1,*REDACTED*,*REDACTED*,2019-11-25T12:36:14,*REDACTED*,1,15,*REDACTED*,*REDACTED*,AzureActiveDirectory,*REDACTED*,*REDACTED*,*REDACTED*,*REDACTED*
UserLoggedIn,*REDACTED*,0,*REDACTED*,*REDACTED*,,Succeeded,*REDACTED*,*REDACTED*,*REDACTED*,*REDACTED*,1,*REDACTED*,*REDACTED*,2019-11-25T12:42:44,*REDACTED*,1,15,*REDACTED*,*REDACTED*,AzureActiveDirectory,*REDACTED*,*REDACTED*,*REDACTED*,*REDACTED*
UserLoggedIn,*REDACTED*,0,*REDACTED*,*REDACTED*,,Succeeded,*REDACTED*,*REDACTED*,*REDACTED*,*REDACTED*,1,*REDACTED*,*REDACTED*,2019-11-25T12:46:08,*REDACTED*,1,15,*REDACTED*,*REDACTED*,AzureActiveDirectory,*REDACTED*,*REDACTED*,*REDACTED*,*REDACTED*
UserLoggedIn,*REDACTED*,0,*REDACTED*,*REDACTED*,,Succeeded,*REDACTED*,*REDACTED*,*REDACTED*,*REDACTED*,1,*REDACTED*,*REDACTED*,2019-11-25T12:46:11,*REDACTED*,1,15,*REDACTED*,*REDACTED*,AzureActiveDirectory,*REDACTED*,*REDACTED*,*REDACTED*,*REDACTED*
UserLoggedIn,*REDACTED*,0,*REDACTED*,*REDACTED*,,Succeeded,*REDACTED*,*REDACTED*,*REDACTED*,*REDACTED*,1,*REDACTED*,*REDACTED*,2019-11-25T12:57:59,*REDACTED*,1,15,*REDACTED*,*REDACTED*,AzureActiveDirectory,*REDACTED*,*REDACTED*,*REDACTED*,*REDACTED*
UserLoggedIn,*REDACTED*,0,*REDACTED*,*REDACTED*,,Succeeded,*REDACTED*,*REDACTED*,*REDACTED*,*REDACTED*,1,*REDACTED*,*REDACTED*,2019-11-25T13:50:16,*REDACTED*,1,15,*REDACTED*,*REDACTED*,AzureActiveDirectory,*REDACTED*,*REDACTED*,*REDACTED*,*REDACTED*
UserLoggedIn,*REDACTED*,0,*REDACTED*,*REDACTED*,,Succeeded,*REDACTED*,*REDACTED*,*REDACTED*,*REDACTED*,1,*REDACTED*,*REDACTED*,2019-11-25T13:50:16,*REDACTED*,1,15,*REDACTED*,*REDACTED*,AzureActiveDirectory,*REDACTED*,*REDACTED*,*REDACTED*,*REDACTED*
UserLoggedIn,*REDACTED*,0,*REDACTED*,*REDACTED*,,Succeeded,*REDACTED*,*REDACTED*,*REDACTED*,*REDACTED*,1,*REDACTED*,*REDACTED*,2019-11-25T13:50:19,*REDACTED*,1,15,*REDACTED*,*REDACTED*,AzureActiveDirectory,*REDACTED*,*REDACTED*,*REDACTED*,*REDACTED*
UserLoggedIn,*REDACTED*,0,*REDACTED*,*REDACTED*,,Succeeded,*REDACTED*,*REDACTED*,*REDACTED*,*REDACTED*,1,*REDACTED*,*REDACTED*,2019-11-25T13:50:22,*REDACTED*,1,15,*REDACTED*,*REDACTED*,AzureActiveDirectory,*REDACTED*,*REDACTED*,*REDACTED*,*REDACTED*
UserLoggedIn,*REDACTED*,0,*REDACTED*,*REDACTED*,,Succeeded,*REDACTED*,*REDACTED*,*REDACTED*,*REDACTED*,1,*REDACTED*,*REDACTED*,2019-11-25T13:50:22,*REDACTED*,1,15,*REDACTED*,*REDACTED*,AzureActiveDirectory,*REDACTED*,*REDACTED*,*REDACTED*,*REDACTED*
UserLoggedIn,*REDACTED*,0,*REDACTED*,*REDACTED*,,Succeeded,*REDACTED*,*REDACTED*,*REDACTED*,*REDACTED*,1,*REDACTED*,*REDACTED*,2019-11-25T13:50:22,*REDACTED*,1,15,*REDACTED*,*REDACTED*,AzureActiveDirectory,*REDACTED*,*REDACTED*,*REDACTED*,*REDACTED*
UserLoggedIn,*REDACTED*,0,*REDACTED*,*REDACTED*,,Succeeded,*REDACTED*,*REDACTED*,*REDACTED*,*REDACTED*,1,*REDACTED*,*REDACTED*,2019-11-25T13:50:23,*REDACTED*,1,15,*REDACTED*,*REDACTED*,AzureActiveDirectory,*REDACTED*,*REDACTED*,*REDACTED*,*REDACTED*
UserLoggedIn,*REDACTED*,0,*REDACTED*,*REDACTED*,,Succeeded,*REDACTED*,*REDACTED*,*REDACTED*,*REDACTED*,1,*REDACTED*,*REDACTED*,2019-11-25T14:14:53,*REDACTED*,1,15,*REDACTED*,*REDACTED*,AzureActiveDirectory,*REDACTED*,*REDACTED*,*REDACTED*,*REDACTED*
UserLoggedIn,*REDACTED*,0,*REDACTED*,*REDACTED*,,Succeeded,*REDACTED*,*REDACTED*,*REDACTED*,*REDACTED*,1,*REDACTED*,*REDACTED*,2019-11-25T15:11:37,*REDACTED*,1,15,*REDACTED*,*REDACTED*,AzureActiveDirectory,*REDACTED*,*REDACTED*,*REDACTED*,*REDACTED*
UserLoggedIn,*REDACTED*,0,*REDACTED*,*REDACTED*,,Succeeded,*REDACTED*,*REDACTED*,*REDACTED*,*REDACTED*,1,*REDACTED*,*REDACTED*,2019-11-25T15:11:38,*REDACTED*,1,15,*REDACTED*,*REDACTED*,AzureActiveDirectory,*REDACTED*,*REDACTED*,*REDACTED*,*REDACTED*
UserLoggedIn,*REDACTED*,0,*REDACTED*,*REDACTED*,,Succeeded,*REDACTED*,*REDACTED*,*REDACTED*,*REDACTED*,1,*REDACTED*,*REDACTED*,2019-11-25T15:40:39,*REDACTED*,1,15,*REDACTED*,*REDACTED*,AzureActiveDirectory,*REDACTED*,*REDACTED*,*REDACTED*,*REDACTED*
UserLoggedIn,*REDACTED*,0,*REDACTED*,*REDACTED*,,Succeeded,*REDACTED*,*REDACTED*,*REDACTED*,*REDACTED*,1,*REDACTED*,*REDACTED*,2019-11-25T16:39:24,*REDACTED*,1,15,*REDACTED*,*REDACTED*,AzureActiveDirectory,*REDACTED*,*REDACTED*,*REDACTED*,*REDACTED*
UserLoggedIn,*REDACTED*,0,*REDACTED*,*REDACTED*,,Succeeded,*REDACTED*,*REDACTED*,*REDACTED*,*REDACTED*,1,*REDACTED*,*REDACTED*,2019-11-25T16:39:24,*REDACTED*,1,15,*REDACTED*,*REDACTED*,AzureActiveDirectory,*REDACTED*,*REDACTED*,*REDACTED*,*REDACTED*
UserLoggedIn,*REDACTED*,0,*REDACTED*,*REDACTED*,,Succeeded,*REDACTED*,*REDACTED*,*REDACTED*,*REDACTED*,1,*REDACTED*,*REDACTED*,2019-11-25T16:39:24,*REDACTED*,1,15,*REDACTED*,*REDACTED*,AzureActiveDirectory,*REDACTED*,*REDACTED*,*REDACTED*,*REDACTED*
UserLoggedIn,*REDACTED*,0,*REDACTED*,*REDACTED*,,Succeeded,*REDACTED*,*REDACTED*,*REDACTED*,*REDACTED*,1,*REDACTED*,*REDACTED*,2019-11-25T16:39:24,*REDACTED*,1,15,*REDACTED*,*REDACTED*,AzureActiveDirectory,*REDACTED*,*REDACTED*,*REDACTED*,*REDACTED*
UserLoggedIn,*REDACTED*,0,*REDACTED*,*REDACTED*,,Succeeded,*REDACTED*,*REDACTED*,*REDACTED*,*REDACTED*,1,*REDACTED*,*REDACTED*,2019-11-25T17:06:38,*REDACTED*,1,15,*REDACTED*,*REDACTED*,AzureActiveDirectory,*REDACTED*,*REDACTED*,*REDACTED*,*REDACTED*
UserLoggedIn,*REDACTED*,0,*REDACTED*,*REDACTED*,,Succeeded,*REDACTED*,*REDACTED*,*REDACTED*,*REDACTED*,1,*REDACTED*,*REDACTED*,2019-11-25T17:35:54,*REDACTED*,1,15,*REDACTED*,*REDACTED*,AzureActiveDirectory,*REDACTED*,*REDACTED*,*REDACTED*,*REDACTED*
UserLoggedIn,*REDACTED*,0,*REDACTED*,*REDACTED*,,Succeeded,*REDACTED*,*REDACTED*,*REDACTED*,*REDACTED*,1,*REDACTED*,*REDACTED*,2019-11-25T17:50:02,*REDACTED*,1,15,*REDACTED*,*REDACTED*,AzureActiveDirectory,*REDACTED*,*REDACTED*,*REDACTED*,*REDACTED*
UserLoggedIn,*REDACTED*,0,*REDACTED*,*REDACTED*,,Succeeded,*REDACTED*,*REDACTED*,*REDACTED*,*REDACTED*,1,*REDACTED*,*REDACTED*,2019-11-25T17:50:02,*REDACTED*,1,15,*REDACTED*,*REDACTED*,AzureActiveDirectory,*REDACTED*,*REDACTED*,*REDACTED*,*REDACTED*
UserLoggedIn,*REDACTED*,0,*REDACTED*,*REDACTED*,,Succeeded,*REDACTED*,*REDACTED*,*REDACTED*,*REDACTED*,1,*REDACTED*,*REDACTED*,2019-11-25T17:50:05,*REDACTED*,1,15,*REDACTED*,*REDACTED*,AzureActiveDirectory,*REDACTED*,*REDACTED*,*REDACTED*,*REDACTED*
UserLoggedIn,*REDACTED*,0,*REDACTED*,*REDACTED*,,Succeeded,*REDACTED*,*REDACTED*,*REDACTED*,*REDACTED*,1,*REDACTED*,*REDACTED*,2019-11-25T17:50:07,*REDACTED*,1,15,*REDACTED*,*REDACTED*,AzureActiveDirectory,*REDACTED*,*REDACTED*,*REDACTED*,*REDACTED*
UserLoggedIn,*REDACTED*,0,*REDACTED*,*REDACTED*,,Succeeded,*REDACTED*,*REDACTED*,*REDACTED*,*REDACTED*,1,*REDACTED*,*REDACTED*,2019-11-25T17:56:21,*REDACTED*,1,15,*REDACTED*,*REDACTED*,AzureActiveDirectory,*REDACTED*,*REDACTED*,*REDACTED*,*REDACTED*
UserLoggedIn,*REDACTED*,0,*REDACTED*,*REDACTED*,,Succeeded,*REDACTED*,*REDACTED*,*REDACTED*,*REDACTED*,1,*REDACTED*,*REDACTED*,2019-11-25T18:34:00,*REDACTED*,1,15,*REDACTED*,*REDACTED*,AzureActiveDirectory,*REDACTED*,*REDACTED*,*REDACTED*,*REDACTED*
UserLoggedIn,*REDACTED*,0,*REDACTED*,*REDACTED*,,Succeeded,*REDACTED*,*REDACTED*,*REDACTED*,*REDACTED*,1,*REDACTED*,*REDACTED*,2019-11-25T18:34:51,*REDACTED*,1,15,*REDACTED*,*REDACTED*,AzureActiveDirectory,*REDACTED*,*REDACTED*,*REDACTED*,*REDACTED*
UserLoggedIn,*REDACTED*,0,*REDACTED*,*REDACTED*,,Succeeded,*REDACTED*,*REDACTED*,*REDACTED*,*REDACTED*,1,*REDACTED*,*REDACTED*,2019-11-25T18:34:54,*REDACTED*,1,15,*REDACTED*,*REDACTED*,AzureActiveDirectory,*REDACTED*,*REDACTED*,*REDACTED*,*REDACTED*
UserLoggedIn,*REDACTED*,0,*REDACTED*,*REDACTED*,,Succeeded,*REDACTED*,*REDACTED*,*REDACTED*,*REDACTED*,1,*REDACTED*,*REDACTED*,2019-11-25T18:34:54,*REDACTED*,1,15,*REDACTED*,*REDACTED*,AzureActiveDirectory,*REDACTED*,*REDACTED*,*REDACTED*,*REDACTED*
UserLoggedIn,*REDACTED*,0,*REDACTED*,*REDACTED*,,Succeeded,*REDACTED*,*REDACTED*,*REDACTED*,*REDACTED*,1,*REDACTED*,*REDACTED*,2019-11-25T19:59:46,*REDACTED*,1,15,*REDACTED*,*REDACTED*,AzureActiveDirectory,*REDACTED*,*REDACTED*,*REDACTED*,*REDACTED*
UserLoggedIn,*REDACTED*,0,*REDACTED*,*REDACTED*,,Succeeded,*REDACTED*,*REDACTED*,*REDACTED*,*REDACTED*,1,*REDACTED*,*REDACTED*,2019-11-25T21:26:30,*REDACTED*,1,15,*REDACTED*,*REDACTED*,AzureActiveDirectory,*REDACTED*,*REDACTED*,*REDACTED*,*REDACTED*
UserLoggedIn,*REDACTED*,0,*REDACTED*,*REDACTED*,,Succeeded,*REDACTED*,*REDACTED*,*REDACTED*,*REDACTED*,1,*REDACTED*,*REDACTED*,2019-11-25T22:53:24,*REDACTED*,1,15,*REDACTED*,*REDACTED*,AzureActiveDirectory,*REDACTED*,*REDACTED*,*REDACTED*,*REDACTED*
UserLoggedIn,*REDACTED*,0,*REDACTED*,*REDACTED*,,Succeeded,*REDACTED*,*REDACTED*,*REDACTED*,*REDACTED*,1,*REDACTED*,*REDACTED*,2019-11-26T00:17:56,*REDACTED*,1,15,*REDACTED*,*REDACTED*,AzureActiveDirectory,*REDACTED*,*REDACTED*,*REDACTED*,*REDACTED*
UserLoggedIn,*REDACTED*,0,*REDACTED*,*REDACTED*,,Succeeded,*REDACTED*,*REDACTED*,*REDACTED*,*REDACTED*,1,*REDACTED*,*REDACTED*,2019-11-26T00:39:24,*REDACTED*,1,15,*REDACTED*,*REDACTED*,AzureActiveDirectory,*REDACTED*,*REDACTED*,*REDACTED*,*REDACTED*
UserLoggedIn,*REDACTED*,0,*REDACTED*,*REDACTED*,,Succeeded,*REDACTED*,*REDACTED*,*REDACTED*,*REDACTED*,1,*REDACTED*,*REDACTED*,2019-11-26T00:39:24,*REDACTED*,1,15,*REDACTED*,*REDACTED*,AzureActiveDirectory,*REDACTED*,*REDACTED*,*REDACTED*,*REDACTED*
UserLoggedIn,*REDACTED*,0,*REDACTED*,*REDACTED*,,Succeeded,*REDACTED*,*REDACTED*,*REDACTED*,*REDACTED*,1,*REDACTED*,*REDACTED*,2019-11-26T01:43:12,*REDACTED*,1,15,*REDACTED*,*REDACTED*,AzureActiveDirectory,*REDACTED*,*REDACTED*,*REDACTED*,*REDACTED*
UserLoggedIn,*REDACTED*,0,*REDACTED*,*REDACTED*,,Succeeded,*REDACTED*,*REDACTED*,*REDACTED*,*REDACTED*,1,*REDACTED*,*REDACTED*,2019-11-26T03:09:43,*REDACTED*,1,15,*REDACTED*,*REDACTED*,AzureActiveDirectory,*REDACTED*,*REDACTED*,*REDACTED*,*REDACTED*
UserLoggedIn,*REDACTED*,0,*REDACTED*,*REDACTED*,,Succeeded,*REDACTED*,*REDACTED*,*REDACTED*,*REDACTED*,1,*REDACTED*,*REDACTED*,2019-11-26T04:36:07,*REDACTED*,1,15,*REDACTED*,*REDACTED*,AzureActiveDirectory,*REDACTED*,*REDACTED*,*REDACTED*,*REDACTED*
UserLoggedIn,*REDACTED*,0,*REDACTED*,*REDACTED*,,Succeeded,*REDACTED*,*REDACTED*,*REDACTED*,*REDACTED*,1,*REDACTED*,*REDACTED*,2019-11-26T06:02:11,*REDACTED*,1,15,*REDACTED*,*REDACTED*,AzureActiveDirectory,*REDACTED*,*REDACTED*,*REDACTED*,*REDACTED*
UserLoggedIn,*REDACTED*,0,*REDACTED*,*REDACTED*,,Succeeded,*REDACTED*,*REDACTED*,*REDACTED*,*REDACTED*,1,*REDACTED*,*REDACTED*,2019-11-26T07:29:51,*REDACTED*,1,15,*REDACTED*,*REDACTED*,AzureActiveDirectory,*REDACTED*,*REDACTED*,*REDACTED*,*REDACTED*
UserLoggedIn,*REDACTED*,0,*REDACTED*,*REDACTED*,,Succeeded,*REDACTED*,*REDACTED*,*REDACTED*,*REDACTED*,1,*REDACTED*,*REDACTED*,2019-11-26T08:39:26,*REDACTED*,1,15,*REDACTED*,*REDACTED*,AzureActiveDirectory,*REDACTED*,*REDACTED*,*REDACTED*,*REDACTED*
UserLoggedIn,*REDACTED*,0,*REDACTED*,*REDACTED*,,Succeeded,*REDACTED*,*REDACTED*,*REDACTED*,*REDACTED*,1,*REDACTED*,*REDACTED*,2019-11-26T08:39:27,*REDACTED*,1,15,*REDACTED*,*REDACTED*,AzureActiveDirectory,*REDACTED*,*REDACTED*,*REDACTED*,*REDACTED*
UserLoggedIn,*REDACTED*,0,*REDACTED*,*REDACTED*,,Succeeded,*REDACTED*,*REDACTED*,*REDACTED*,*REDACTED*,1,*REDACTED*,*REDACTED*,2019-11-26T08:57:12,*REDACTED*,1,15,*REDACTED*,*REDACTED*,AzureActiveDirectory,*REDACTED*,*REDACTED*,*REDACTED*,*REDACTED*
UserLoggedIn,*REDACTED*,0,*REDACTED*,*REDACTED*,,Succeeded,*REDACTED*,*REDACTED*,*REDACTED*,*REDACTED*,1,*REDACTED*,*REDACTED*,2019-11-26T10:22:55,*REDACTED*,1,15,*REDACTED*,*REDACTED*,AzureActiveDirectory,*REDACTED*,*REDACTED*,*REDACTED*,*REDACTED*
UserLoggedIn,*REDACTED*,0,*REDACTED*,*REDACTED*,,Succeeded,*REDACTED*,*REDACTED*,*REDACTED*,*REDACTED*,1,*REDACTED*,*REDACTED*,2019-11-26T11:48:56,*REDACTED*,1,15,*REDACTED*,*REDACTED*,AzureActiveDirectory,*REDACTED*,*REDACTED*,*REDACTED*,*REDACTED*
UserLoggedIn,*REDACTED*,0,*REDACTED*,*REDACTED*,,Succeeded,*REDACTED*,*REDACTED*,*REDACTED*,*REDACTED*,1,*REDACTED*,*REDACTED*,2019-11-26T13:15:53,*REDACTED*,1,15,*REDACTED*,*REDACTED*,AzureActiveDirectory,*REDACTED*,*REDACTED*,*REDACTED*,*REDACTED*
UserLoggedIn,*REDACTED*,0,*REDACTED*,*REDACTED*,,Succeeded,*REDACTED*,*REDACTED*,*REDACTED*,*REDACTED*,1,*REDACTED*,*REDACTED*,2019-11-26T13:18:47,*REDACTED*,1,15,*REDACTED*,*REDACTED*,AzureActiveDirectory,*REDACTED*,*REDACTED*,*REDACTED*,*REDACTED*
UserLoggedIn,*REDACTED*,0,*REDACTED*,*REDACTED*,,Succeeded,*REDACTED*,*REDACTED*,*REDACTED*,*REDACTED*,1,*REDACTED*,*REDACTED*,2019-11-26T13:18:47,*REDACTED*,1,15,*REDACTED*,*REDACTED*,AzureActiveDirectory,*REDACTED*,*REDACTED*,*REDACTED*,*REDACTED*
UserLoggedIn,*REDACTED*,0,*REDACTED*,*REDACTED*,,Succeeded,*REDACTED*,*REDACTED*,*REDACTED*,*REDACTED*,1,*REDACTED*,*REDACTED*,2019-11-26T13:18:50,*REDACTED*,1,15,*REDACTED*,*REDACTED*,AzureActiveDirectory,*REDACTED*,*REDACTED*,*REDACTED*,*REDACTED*
UserLoggedIn,*REDACTED*,0,*REDACTED*,*REDACTED*,,Succeeded,*REDACTED*,*REDACTED*,*REDACTED*,*REDACTED*,1,*REDACTED*,*REDACTED*,2019-11-26T13:18:50,*REDACTED*,1,15,*REDACTED*,*REDACTED*,AzureActiveDirectory,*REDACTED*,*REDACTED*,*REDACTED*,*REDACTED*
UserLoggedIn,*REDACTED*,0,*REDACTED*,*REDACTED*,,Succeeded,*REDACTED*,*REDACTED*,*REDACTED*,*REDACTED*,1,*REDACTED*,*REDACTED*,2019-11-26T13:18:52,*REDACTED*,1,15,*REDACTED*,*REDACTED*,AzureActiveDirectory,*REDACTED*,*REDACTED*,*REDACTED*,*REDACTED*
UserLoggedIn,*REDACTED*,0,*REDACTED*,*REDACTED*,,Succeeded,*REDACTED*,*REDACTED*,*REDACTED*,*REDACTED*,1,*REDACTED*,*REDACTED*,2019-11-26T13:18:53,*REDACTED*,1,15,*REDACTED*,*REDACTED*,AzureActiveDirectory,*REDACTED*,*REDACTED*,*REDACTED*,*REDACTED*
UserLoggedIn,*REDACTED*,0,*REDACTED*,*REDACTED*,,Succeeded,*REDACTED*,*REDACTED*,*REDACTED*,*REDACTED*,1,*REDACTED*,*REDACTED*,2019-11-26T13:18:54,*REDACTED*,1,15,*REDACTED*,*REDACTED*,AzureActiveDirectory,*REDACTED*,*REDACTED*,*REDACTED*,*REDACTED*
UserLoggedIn,*REDACTED*,0,*REDACTED*,*REDACTED*,,Succeeded,*REDACTED*,*REDACTED*,*REDACTED*,*REDACTED*,1,*REDACTED*,*REDACTED*,2019-11-26T13:37:41,*REDACTED*,1,15,*REDACTED*,*REDACTED*,AzureActiveDirectory,*REDACTED*,*REDACTED*,*REDACTED*,*REDACTED*
UserLoggedIn,*REDACTED*,0,*REDACTED*,*REDACTED*,,Succeeded,*REDACTED*,*REDACTED*,*REDACTED*,*REDACTED*,1,*REDACTED*,*REDACTED*,2019-11-26T13:37:44,*REDACTED*,1,15,*REDACTED*,*REDACTED*,AzureActiveDirectory,*REDACTED*,*REDACTED*,*REDACTED*,*REDACTED*
UserLoggedIn,*REDACTED*,0,*REDACTED*,*REDACTED*,,Succeeded,*REDACTED*,*REDACTED*,*REDACTED*,*REDACTED*,1,*REDACTED*,*REDACTED*,2019-11-26T14:15:22,*REDACTED*,1,15,*REDACTED*,*REDACTED*,AzureActiveDirectory,*REDACTED*,*REDACTED*,*REDACTED*,*REDACTED*
UserLoggedIn,*REDACTED*,0,*REDACTED*,*REDACTED*,,Succeeded,*REDACTED*,*REDACTED*,*REDACTED*,*REDACTED*,1,*REDACTED*,*REDACTED*,2019-11-26T14:29:40,*REDACTED*,1,15,*REDACTED*,*REDACTED*,AzureActiveDirectory,*REDACTED*,*REDACTED*,*REDACTED*,*REDACTED*
UserLoggedIn,*REDACTED*,0,*REDACTED*,*REDACTED*,,Succeeded,*REDACTED*,*REDACTED*,*REDACTED*,*REDACTED*,1,*REDACTED*,*REDACTED*,2019-11-26T14:29:42,*REDACTED*,1,15,*REDACTED*,*REDACTED*,AzureActiveDirectory,*REDACTED*,*REDACTED*,*REDACTED*,*REDACTED*
UserLoggedIn,*REDACTED*,0,*REDACTED*,*REDACTED*,,Succeeded,*REDACTED*,*REDACTED*,*REDACTED*,*REDACTED*,1,*REDACTED*,*REDACTED*,2019-11-26T15:40:52,*REDACTED*,1,15,*REDACTED*,*REDACTED*,AzureActiveDirectory,*REDACTED*,*REDACTED*,*REDACTED*,*REDACTED*
UserLoggedIn,*REDACTED*,0,*REDACTED*,*REDACTED*,,Succeeded,*REDACTED*,*REDACTED*,*REDACTED*,*REDACTED*,1,*REDACTED*,*REDACTED*,2019-11-26T15:56:48,*REDACTED*,1,15,*REDACTED*,*REDACTED*,AzureActiveDirectory,*REDACTED*,*REDACTED*,*REDACTED*,*REDACTED*
UserLoggedIn,*REDACTED*,0,*REDACTED*,*REDACTED*,,Succeeded,*REDACTED*,*REDACTED*,*REDACTED*,*REDACTED*,1,*REDACTED*,*REDACTED*,2019-11-26T15:56:53,*REDACTED*,1,15,*REDACTED*,*REDACTED*,AzureActiveDirectory,*REDACTED*,*REDACTED*,*REDACTED*,*REDACTED*
UserLoggedIn,*REDACTED*,0,*REDACTED*,*REDACTED*,,Succeeded,*REDACTED*,*REDACTED*,*REDACTED*,*REDACTED*,1,*REDACTED*,*REDACTED*,2019-11-26T16:39:28,*REDACTED*,1,15,*REDACTED*,*REDACTED*,AzureActiveDirectory,*REDACTED*,*REDACTED*,*REDACTED*,*REDACTED*
UserLoggedIn,*REDACTED*,0,*REDACTED*,*REDACTED*,,Succeeded,*REDACTED*,*REDACTED*,*REDACTED*,*REDACTED*,1,*REDACTED*,*REDACTED*,2019-11-26T16:39:28,*REDACTED*,1,15,*REDACTED*,*REDACTED*,AzureActiveDirectory,*REDACTED*,*REDACTED*,*REDACTED*,*REDACTED*
UserLoggedIn,*REDACTED*,0,*REDACTED*,*REDACTED*,,Succeeded,*REDACTED*,*REDACTED*,*REDACTED*,*REDACTED*,1,*REDACTED*,*REDACTED*,2019-11-26T16:39:57,*REDACTED*,1,15,*REDACTED*,*REDACTED*,AzureActiveDirectory,*REDACTED*,*REDACTED*,*REDACTED*,*REDACTED*
UserLoggedIn,*REDACTED*,0,*REDACTED*,*REDACTED*,,Succeeded,*REDACTED*,*REDACTED*,*REDACTED*,*REDACTED*,1,*REDACTED*,*REDACTED*,2019-11-26T17:07:23,*REDACTED*,1,15,*REDACTED*,*REDACTED*,AzureActiveDirectory,*REDACTED*,*REDACTED*,*REDACTED*,*REDACTED*
UserLoggedIn,*REDACTED*,0,*REDACTED*,*REDACTED*,,Succeeded,*REDACTED*,*REDACTED*,*REDACTED*,*REDACTED*,1,*REDACTED*,*REDACTED*,2019-11-26T17:07:25,*REDACTED*,1,15,*REDACTED*,*REDACTED*,AzureActiveDirectory,*REDACTED*,*REDACTED*,*REDACTED*,*REDACTED*
UserLoggedIn,*REDACTED*,0,*REDACTED*,*REDACTED*,,Succeeded,*REDACTED*,*REDACTED*,*REDACTED*,*REDACTED*,1,*REDACTED*,*REDACTED*,2019-11-26T18:05:23,*REDACTED*,1,15,*REDACTED*,*REDACTED*,AzureActiveDirectory,*REDACTED*,*REDACTED*,*REDACTED*,*REDACTED*
UserLoggedIn,*REDACTED*,0,*REDACTED*,*REDACTED*,,Succeeded,*REDACTED*,*REDACTED*,*REDACTED*,*REDACTED*,1,*REDACTED*,*REDACTED*,2019-11-26T19:33:09,*REDACTED*,1,15,*REDACTED*,*REDACTED*,AzureActiveDirectory,*REDACTED*,*REDACTED*,*REDACTED*,*REDACTED*
UserLoggedIn,*REDACTED*,0,*REDACTED*,*REDACTED*,,Succeeded,*REDACTED*,*REDACTED*,*REDACTED*,*REDACTED*,1,*REDACTED*,*REDACTED*,2019-11-26T20:59:38,*REDACTED*,1,15,*REDACTED*,*REDACTED*,AzureActiveDirectory,*REDACTED*,*REDACTED*,*REDACTED*,*REDACTED*
UserLoggedIn,*REDACTED*,0,*REDACTED*,*REDACTED*,,Succeeded,*REDACTED*,*REDACTED*,*REDACTED*,*REDACTED*,1,*REDACTED*,*REDACTED*,2019-11-26T22:03:04,*REDACTED*,1,15,*REDACTED*,*REDACTED*,AzureActiveDirectory,*REDACTED*,*REDACTED*,*REDACTED*,*REDACTED*
UserLoggedIn,*REDACTED*,0,*REDACTED*,*REDACTED*,,Succeeded,*REDACTED*,*REDACTED*,*REDACTED*,*REDACTED*,1,*REDACTED*,*REDACTED*,2019-11-26T23:23:36,*REDACTED*,1,15,*REDACTED*,*REDACTED*,AzureActiveDirectory,*REDACTED*,*REDACTED*,*REDACTED*,*REDACTED*
UserLoggedIn,*REDACTED*,0,*REDACTED*,*REDACTED*,,Succeeded,*REDACTED*,*REDACTED*,*REDACTED*,*REDACTED*,1,*REDACTED*,*REDACTED*,2019-11-27T00:39:28,*REDACTED*,1,15,*REDACTED*,*REDACTED*,AzureActiveDirectory,*REDACTED*,*REDACTED*,*REDACTED*,*REDACTED*
UserLoggedIn,*REDACTED*,0,*REDACTED*,*REDACTED*,,Succeeded,*REDACTED*,*REDACTED*,*REDACTED*,*REDACTED*,1,*REDACTED*,*REDACTED*,2019-11-27T00:39:29,*REDACTED*,1,15,*REDACTED*,*REDACTED*,AzureActiveDirectory,*REDACTED*,*REDACTED*,*REDACTED*,*REDACTED*
UserLoggedIn,*REDACTED*,0,*REDACTED*,*REDACTED*,,Succeeded,*REDACTED*,*REDACTED*,*REDACTED*,*REDACTED*,1,*REDACTED*,*REDACTED*,2019-11-27T00:48:34,*REDACTED*,1,15,*REDACTED*,*REDACTED*,AzureActiveDirectory,*REDACTED*,*REDACTED*,*REDACTED*,*REDACTED*
UserLoggedIn,*REDACTED*,0,*REDACTED*,*REDACTED*,,Succeeded,*REDACTED*,*REDACTED*,*REDACTED*,*REDACTED*,1,*REDACTED*,*REDACTED*,2019-11-27T02:15:12,*REDACTED*,1,15,*REDACTED*,*REDACTED*,AzureActiveDirectory,*REDACTED*,*REDACTED*,*REDACTED*,*REDACTED*
UserLoggedIn,*REDACTED*,0,*REDACTED*,*REDACTED*,,Succeeded,*REDACTED*,*REDACTED*,*REDACTED*,*REDACTED*,1,*REDACTED*,*REDACTED*,2019-11-27T03:41:41,*REDACTED*,1,15,*REDACTED*,*REDACTED*,AzureActiveDirectory,*REDACTED*,*REDACTED*,*REDACTED*,*REDACTED*
UserLoggedIn,*REDACTED*,0,*REDACTED*,*REDACTED*,,Succeeded,*REDACTED*,*REDACTED*,*REDACTED*,*REDACTED*,1,*REDACTED*,*REDACTED*,2019-11-27T05:08:12,*REDACTED*,1,15,*REDACTED*,*REDACTED*,AzureActiveDirectory,*REDACTED*,*REDACTED*,*REDACTED*,*REDACTED*
UserLoggedIn,*REDACTED*,0,*REDACTED*,*REDACTED*,,Succeeded,*REDACTED*,*REDACTED*,*REDACTED*,*REDACTED*,1,*REDACTED*,*REDACTED*,2019-11-27T06:35:44,*REDACTED*,1,15,*REDACTED*,*REDACTED*,AzureActiveDirectory,*REDACTED*,*REDACTED*,*REDACTED*,*REDACTED*
UserLoggedIn,*REDACTED*,0,*REDACTED*,*REDACTED*,,Succeeded,*REDACTED*,*REDACTED*,*REDACTED*,*REDACTED*,1,*REDACTED*,*REDACTED*,2019-11-27T08:02:40,*REDACTED*,1,15,*REDACTED*,*REDACTED*,AzureActiveDirectory,*REDACTED*,*REDACTED*,*REDACTED*,*REDACTED*
UserLoggedIn,*REDACTED*,0,*REDACTED*,*REDACTED*,,Succeeded,*REDACTED*,*REDACTED*,*REDACTED*,*REDACTED*,1,*REDACTED*,*REDACTED*,2019-11-27T08:39:31,*REDACTED*,1,15,*REDACTED*,*REDACTED*,AzureActiveDirectory,*REDACTED*,*REDACTED*,*REDACTED*,*REDACTED*
UserLoggedIn,*REDACTED*,0,*REDACTED*,*REDACTED*,,Succeeded,*REDACTED*,*REDACTED*,*REDACTED*,*REDACTED*,1,*REDACTED*,*REDACTED*,2019-11-27T08:39:31,*REDACTED*,1,15,*REDACTED*,*REDACTED*,AzureActiveDirectory,*REDACTED*,*REDACTED*,*REDACTED*,*REDACTED*
UserLoggedIn,*REDACTED*,0,*REDACTED*,*REDACTED*,,Succeeded,*REDACTED*,*REDACTED*,*REDACTED*,*REDACTED*,1,*REDACTED*,*REDACTED*,2019-11-27T09:30:02,*REDACTED*,1,15,*REDACTED*,*REDACTED*,AzureActiveDirectory,*REDACTED*,*REDACTED*,*REDACTED*,*REDACTED*
UserLoggedIn,*REDACTED*,0,*REDACTED*,*REDACTED*,,Succeeded,*REDACTED*,*REDACTED*,*REDACTED*,*REDACTED*,1,*REDACTED*,*REDACTED*,2019-11-27T09:30:02,*REDACTED*,1,15,*REDACTED*,*REDACTED*,AzureActiveDirectory,*REDACTED*,*REDACTED*,*REDACTED*,*REDACTED*
UserLoggedIn,*REDACTED*,0,*REDACTED*,*REDACTED*,,Succeeded,*REDACTED*,*REDACTED*,*REDACTED*,*REDACTED*,1,*REDACTED*,*REDACTED*,2019-11-27T10:55:52,*REDACTED*,1,15,*REDACTED*,*REDACTED*,AzureActiveDirectory,*REDACTED*,*REDACTED*,*REDACTED*,*REDACTED*
UserLoggedIn,*REDACTED*,0,*REDACTED*,*REDACTED*,,Succeeded,*REDACTED*,*REDACTED*,*REDACTED*,*REDACTED*,1,*REDACTED*,*REDACTED*,2019-11-27T10:55:52,*REDACTED*,1,15,*REDACTED*,*REDACTED*,AzureActiveDirectory,*REDACTED*,*REDACTED*,*REDACTED*,*REDACTED*
UserLoggedIn,*REDACTED*,0,*REDACTED*,*REDACTED*,,Succeeded,*REDACTED*,*REDACTED*,*REDACTED*,*REDACTED*,1,*REDACTED*,*REDACTED*,2019-11-27T12:21:06,*REDACTED*,1,15,*REDACTED*,*REDACTED*,AzureActiveDirectory,*REDACTED*,*REDACTED*,*REDACTED*,*REDACTED*
UserLoggedIn,*REDACTED*,0,*REDACTED*,*REDACTED*,,Succeeded,*REDACTED*,*REDACTED*,*REDACTED*,*REDACTED*,1,*REDACTED*,*REDACTED*,2019-11-27T13:12:21,*REDACTED*,1,15,*REDACTED*,*REDACTED*,AzureActiveDirectory,*REDACTED*,*REDACTED*,*REDACTED*,*REDACTED*
UserLoggedIn,*REDACTED*,0,*REDACTED*,*REDACTED*,,Succeeded,*REDACTED*,*REDACTED*,*REDACTED*,*REDACTED*,1,*REDACTED*,*REDACTED*,2019-11-27T13:12:24,*REDACTED*,1,15,*REDACTED*,*REDACTED*,AzureActiveDirectory,*REDACTED*,*REDACTED*,*REDACTED*,*REDACTED*
UserLoggedIn,*REDACTED*,0,*REDACTED*,*REDACTED*,,Succeeded,*REDACTED*,*REDACTED*,*REDACTED*,*REDACTED*,1,*REDACTED*,*REDACTED*,2019-11-27T13:47:17,*REDACTED*,1,15,*REDACTED*,*REDACTED*,AzureActiveDirectory,*REDACTED*,*REDACTED*,*REDACTED*,*REDACTED*
UserLoggedIn,*REDACTED*,0,*REDACTED*,*REDACTED*,,Succeeded,*REDACTED*,*REDACTED*,*REDACTED*,*REDACTED*,1,*REDACTED*,*REDACTED*,2019-11-27T15:11:40,*REDACTED*,1,15,*REDACTED*,*REDACTED*,AzureActiveDirectory,*REDACTED*,*REDACTED*,*REDACTED*,*REDACTED*
UserLoggedIn,*REDACTED*,0,*REDACTED*,*REDACTED*,,Succeeded,*REDACTED*,*REDACTED*,*REDACTED*,*REDACTED*,1,*REDACTED*,*REDACTED*,2019-11-27T16:12:11,*REDACTED*,1,15,*REDACTED*,*REDACTED*,AzureActiveDirectory,*REDACTED*,*REDACTED*,*REDACTED*,*REDACTED*
UserLoggedIn,*REDACTED*,0,*REDACTED*,*REDACTED*,,Succeeded,*REDACTED*,*REDACTED*,*REDACTED*,*REDACTED*,1,*REDACTED*,*REDACTED*,2019-11-27T16:39:32,*REDACTED*,1,15,*REDACTED*,*REDACTED*,AzureActiveDirectory,*REDACTED*,*REDACTED*,*REDACTED*,*REDACTED*
UserLoggedIn,*REDACTED*,0,*REDACTED*,*REDACTED*,,Succeeded,*REDACTED*,*REDACTED*,*REDACTED*,*REDACTED*,1,*REDACTED*,*REDACTED*,2019-11-27T16:39:32,*REDACTED*,1,15,*REDACTED*,*REDACTED*,AzureActiveDirectory,*REDACTED*,*REDACTED*,*REDACTED*,*REDACTED*
UserLoggedIn,*REDACTED*,0,*REDACTED*,*REDACTED*,,Succeeded,*REDACTED*,*REDACTED*,*REDACTED*,*REDACTED*,1,*REDACTED*,*REDACTED*,2019-11-27T17:39:43,*REDACTED*,1,15,*REDACTED*,*REDACTED*,AzureActiveDirectory,*REDACTED*,*REDACTED*,*REDACTED*,*REDACTED*
UserLoggedIn,*REDACTED*,0,*REDACTED*,*REDACTED*,,Succeeded,*REDACTED*,*REDACTED*,*REDACTED*,*REDACTED*,1,*REDACTED*,*REDACTED*,2019-11-27T17:39:43,*REDACTED*,1,15,*REDACTED*,*REDACTED*,AzureActiveDirectory,*REDACTED*,*REDACTED*,*REDACTED*,*REDACTED*
UserLoggedIn,*REDACTED*,0,*REDACTED*,*REDACTED*,,Succeeded,*REDACTED*,*REDACTED*,*REDACTED*,*REDACTED*,1,*REDACTED*,*REDACTED*,2019-11-27T17:39:43,*REDACTED*,1,15,*REDACTED*,*REDACTED*,AzureActiveDirectory,*REDACTED*,*REDACTED*,*REDACTED*,*REDACTED*
UserLoggedIn,*REDACTED*,0,*REDACTED*,*REDACTED*,,Succeeded,*REDACTED*,*REDACTED*,*REDACTED*,*REDACTED*,1,*REDACTED*,*REDACTED*,2019-11-27T19:07:04,*REDACTED*,1,15,*REDACTED*,*REDACTED*,AzureActiveDirectory,*REDACTED*,*REDACTED*,*REDACTED*,*REDACTED*
UserLoggedIn,*REDACTED*,0,*REDACTED*,*REDACTED*,,Succeeded,*REDACTED*,*REDACTED*,*REDACTED*,*REDACTED*,1,*REDACTED*,*REDACTED*,2019-11-27T20:35:18,*REDACTED*,1,15,*REDACTED*,*REDACTED*,AzureActiveDirectory,*REDACTED*,*REDACTED*,*REDACTED*,*REDACTED*
UserLoggedIn,*REDACTED*,0,*REDACTED*,*REDACTED*,,Succeeded,*REDACTED*,*REDACTED*,*REDACTED*,*REDACTED*,1,*REDACTED*,*REDACTED*,2019-11-27T21:34:24,*REDACTED*,1,15,*REDACTED*,*REDACTED*,AzureActiveDirectory,*REDACTED*,*REDACTED*,*REDACTED*,*REDACTED*
UserLoggedIn,*REDACTED*,0,*REDACTED*,*REDACTED*,,Succeeded,*REDACTED*,*REDACTED*,*REDACTED*,*REDACTED*,1,*REDACTED*,*REDACTED*,2019-11-27T23:01:16,*REDACTED*,1,15,*REDACTED*,*REDACTED*,AzureActiveDirectory,*REDACTED*,*REDACTED*,*REDACTED*,*REDACTED*
UserLoggedIn,*REDACTED*,0,*REDACTED*,*REDACTED*,,Succeeded,*REDACTED*,*REDACTED*,*REDACTED*,*REDACTED*,1,*REDACTED*,*REDACTED*,2019-11-28T00:27:29,*REDACTED*,1,15,*REDACTED*,*REDACTED*,AzureActiveDirectory,*REDACTED*,*REDACTED*,*REDACTED*,*REDACTED*
UserLoggedIn,*REDACTED*,0,*REDACTED*,*REDACTED*,,Succeeded,*REDACTED*,*REDACTED*,*REDACTED*,*REDACTED*,1,*REDACTED*,*REDACTED*,2019-11-28T00:39:33,*REDACTED*,1,15,*REDACTED*,*REDACTED*,AzureActiveDirectory,*REDACTED*,*REDACTED*,*REDACTED*,*REDACTED*
UserLoggedIn,*REDACTED*,0,*REDACTED*,*REDACTED*,,Succeeded,*REDACTED*,*REDACTED*,*REDACTED*,*REDACTED*,1,*REDACTED*,*REDACTED*,2019-11-28T00:39:33,*REDACTED*,1,15,*REDACTED*,*REDACTED*,AzureActiveDirectory,*REDACTED*,*REDACTED*,*REDACTED*,*REDACTED*
UserLoggedIn,*REDACTED*,0,*REDACTED*,*REDACTED*,,Succeeded,*REDACTED*,*REDACTED*,*REDACTED*,*REDACTED*,1,*REDACTED*,*REDACTED*,2019-11-28T01:54:20,*REDACTED*,1,15,*REDACTED*,*REDACTED*,AzureActiveDirectory,*REDACTED*,*REDACTED*,*REDACTED*,*REDACTED*
UserLoggedIn,*REDACTED*,0,*REDACTED*,*REDACTED*,,Succeeded,*REDACTED*,*REDACTED*,*REDACTED*,*REDACTED*,1,*REDACTED*,*REDACTED*,2019-11-28T03:19:55,*REDACTED*,1,15,*REDACTED*,*REDACTED*,AzureActiveDirectory,*REDACTED*,*REDACTED*,*REDACTED*,*REDACTED*
UserLoggedIn,*REDACTED*,0,*REDACTED*,*REDACTED*,,Succeeded,*REDACTED*,*REDACTED*,*REDACTED*,*REDACTED*,1,*REDACTED*,*REDACTED*,2019-11-28T04:46:28,*REDACTED*,1,15,*REDACTED*,*REDACTED*,AzureActiveDirectory,*REDACTED*,*REDACTED*,*REDACTED*,*REDACTED*
UserLoggedIn,*REDACTED*,0,*REDACTED*,*REDACTED*,,Succeeded,*REDACTED*,*REDACTED*,*REDACTED*,*REDACTED*,1,*REDACTED*,*REDACTED*,2019-11-28T06:13:20,*REDACTED*,1,15,*REDACTED*,*REDACTED*,AzureActiveDirectory,*REDACTED*,*REDACTED*,*REDACTED*,*REDACTED*
UserLoggedIn,*REDACTED*,0,*REDACTED*,*REDACTED*,,Succeeded,*REDACTED*,*REDACTED*,*REDACTED*,*REDACTED*,1,*REDACTED*,*REDACTED*,2019-11-28T06:13:20,*REDACTED*,1,15,*REDACTED*,*REDACTED*,AzureActiveDirectory,*REDACTED*,*REDACTED*,*REDACTED*,*REDACTED*
UserLoggedIn,*REDACTED*,0,*REDACTED*,*REDACTED*,,Succeeded,*REDACTED*,*REDACTED*,*REDACTED*,*REDACTED*,1,*REDACTED*,*REDACTED*,2019-11-28T07:40:47,*REDACTED*,1,15,*REDACTED*,*REDACTED*,AzureActiveDirectory,*REDACTED*,*REDACTED*,*REDACTED*,*REDACTED*
UserLoggedIn,*REDACTED*,0,*REDACTED*,*REDACTED*,,Succeeded,*REDACTED*,*REDACTED*,*REDACTED*,*REDACTED*,1,*REDACTED*,*REDACTED*,2019-11-28T08:39:35,*REDACTED*,1,15,*REDACTED*,*REDACTED*,AzureActiveDirectory,*REDACTED*,*REDACTED*,*REDACTED*,*REDACTED*
UserLoggedIn,*REDACTED*,0,*REDACTED*,*REDACTED*,,Succeeded,*REDACTED*,*REDACTED*,*REDACTED*,*REDACTED*,1,*REDACTED*,*REDACTED*,2019-11-28T08:39:35,*REDACTED*,1,15,*REDACTED*,*REDACTED*,AzureActiveDirectory,*REDACTED*,*REDACTED*,*REDACTED*,*REDACTED*
UserLoggedIn,*REDACTED*,0,*REDACTED*,*REDACTED*,,Succeeded,*REDACTED*,*REDACTED*,*REDACTED*,*REDACTED*,1,*REDACTED*,*REDACTED*,2019-11-28T09:07:20,*REDACTED*,1,15,*REDACTED*,*REDACTED*,AzureActiveDirectory,*REDACTED*,*REDACTED*,*REDACTED*,*REDACTED*
UserLoggedIn,*REDACTED*,0,*REDACTED*,*REDACTED*,,Succeeded,*REDACTED*,*REDACTED*,*REDACTED*,*REDACTED*,1,*REDACTED*,*REDACTED*,2019-11-28T10:33:41,*REDACTED*,1,15,*REDACTED*,*REDACTED*,AzureActiveDirectory,*REDACTED*,*REDACTED*,*REDACTED*,*REDACTED*
UserLoggedIn,*REDACTED*,0,*REDACTED*,*REDACTED*,,Succeeded,*REDACTED*,*REDACTED*,*REDACTED*,*REDACTED*,1,*REDACTED*,*REDACTED*,2019-11-28T12:00:02,*REDACTED*,1,15,*REDACTED*,*REDACTED*,AzureActiveDirectory,*REDACTED*,*REDACTED*,*REDACTED*,*REDACTED*
UserLoggedIn,*REDACTED*,0,*REDACTED*,*REDACTED*,,Succeeded,*REDACTED*,*REDACTED*,*REDACTED*,*REDACTED*,1,*REDACTED*,*REDACTED*,2019-11-28T13:26:30,*REDACTED*,1,15,*REDACTED*,*REDACTED*,AzureActiveDirectory,*REDACTED*,*REDACTED*,*REDACTED*,*REDACTED*
UserLoggedIn,*REDACTED*,0,*REDACTED*,*REDACTED*,,Succeeded,*REDACTED*,*REDACTED*,*REDACTED*,*REDACTED*,1,*REDACTED*,*REDACTED*,2019-11-28T14:54:09,*REDACTED*,1,15,*REDACTED*,*REDACTED*,AzureActiveDirectory,*REDACTED*,*REDACTED*,*REDACTED*,*REDACTED*
UserLoggedIn,*REDACTED*,0,*REDACTED*,*REDACTED*,,Succeeded,*REDACTED*,*REDACTED*,*REDACTED*,*REDACTED*,1,*REDACTED*,*REDACTED*,2019-11-28T16:20:09,*REDACTED*,1,15,*REDACTED*,*REDACTED*,AzureActiveDirectory,*REDACTED*,*REDACTED*,*REDACTED*,*REDACTED*
UserLoggedIn,*REDACTED*,0,*REDACTED*,*REDACTED*,,Succeeded,*REDACTED*,*REDACTED*,*REDACTED*,*REDACTED*,1,*REDACTED*,*REDACTED*,2019-11-28T16:39:37,*REDACTED*,1,15,*REDACTED*,*REDACTED*,AzureActiveDirectory,*REDACTED*,*REDACTED*,*REDACTED*,*REDACTED*
UserLoggedIn,*REDACTED*,0,*REDACTED*,*REDACTED*,,Succeeded,*REDACTED*,*REDACTED*,*REDACTED*,*REDACTED*,1,*REDACTED*,*REDACTED*,2019-11-28T16:39:37,*REDACTED*,1,15,*REDACTED*,*REDACTED*,AzureActiveDirectory,*REDACTED*,*REDACTED*,*REDACTED*,*REDACTED*
UserLoggedIn,*REDACTED*,0,*REDACTED*,*REDACTED*,,Succeeded,*REDACTED*,*REDACTED*,*REDACTED*,*REDACTED*,1,*REDACTED*,*REDACTED*,2019-11-28T17:47:50,*REDACTED*,1,15,*REDACTED*,*REDACTED*,AzureActiveDirectory,*REDACTED*,*REDACTED*,*REDACTED*,*REDACTED*
UserLoggedIn,*REDACTED*,0,*REDACTED*,*REDACTED*,,Succeeded,*REDACTED*,*REDACTED*,*REDACTED*,*REDACTED*,1,*REDACTED*,*REDACTED*,2019-11-28T19:15:07,*REDACTED*,1,15,*REDACTED*,*REDACTED*,AzureActiveDirectory,*REDACTED*,*REDACTED*,*REDACTED*,*REDACTED*
UserLoggedIn,*REDACTED*,0,*REDACTED*,*REDACTED*,,Succeeded,*REDACTED*,*REDACTED*,*REDACTED*,*REDACTED*,1,*REDACTED*,*REDACTED*,2019-11-28T20:43:36,*REDACTED*,1,15,*REDACTED*,*REDACTED*,AzureActiveDirectory,*REDACTED*,*REDACTED*,*REDACTED*,*REDACTED*
UserLoggedIn,*REDACTED*,0,*REDACTED*,*REDACTED*,,Succeeded,*REDACTED*,*REDACTED*,*REDACTED*,*REDACTED*,1,*REDACTED*,*REDACTED*,2019-11-28T22:11:48,*REDACTED*,1,15,*REDACTED*,*REDACTED*,AzureActiveDirectory,*REDACTED*,*REDACTED*,*REDACTED*,*REDACTED*
UserLoggedIn,*REDACTED*,0,*REDACTED*,*REDACTED*,,Succeeded,*REDACTED*,*REDACTED*,*REDACTED*,*REDACTED*,1,*REDACTED*,*REDACTED*,2019-11-28T23:36:28,*REDACTED*,1,15,*REDACTED*,*REDACTED*,AzureActiveDirectory,*REDACTED*,*REDACTED*,*REDACTED*,*REDACTED*
UserLoggedIn,*REDACTED*,0,*REDACTED*,*REDACTED*,,Succeeded,*REDACTED*,*REDACTED*,*REDACTED*,*REDACTED*,1,*REDACTED*,*REDACTED*,2019-11-29T00:39:37,*REDACTED*,1,15,*REDACTED*,*REDACTED*,AzureActiveDirectory,*REDACTED*,*REDACTED*,*REDACTED*,*REDACTED*
UserLoggedIn,*REDACTED*,0,*REDACTED*,*REDACTED*,,Succeeded,*REDACTED*,*REDACTED*,*REDACTED*,*REDACTED*,1,*REDACTED*,*REDACTED*,2019-11-29T00:39:37,*REDACTED*,1,15,*REDACTED*,*REDACTED*,AzureActiveDirectory,*REDACTED*,*REDACTED*,*REDACTED*,*REDACTED*
UserLoggedIn,*REDACTED*,0,*REDACTED*,*REDACTED*,,Succeeded,*REDACTED*,*REDACTED*,*REDACTED*,*REDACTED*,1,*REDACTED*,*REDACTED*,2019-11-29T01:03:49,*REDACTED*,1,15,*REDACTED*,*REDACTED*,AzureActiveDirectory,*REDACTED*,*REDACTED*,*REDACTED*,*REDACTED*
UserLoggedIn,*REDACTED*,0,*REDACTED*,*REDACTED*,,Succeeded,*REDACTED*,*REDACTED*,*REDACTED*,*REDACTED*,1,*REDACTED*,*REDACTED*,2019-11-29T02:30:20,*REDACTED*,1,15,*REDACTED*,*REDACTED*,AzureActiveDirectory,*REDACTED*,*REDACTED*,*REDACTED*,*REDACTED*
UserLoggedIn,*REDACTED*,0,*REDACTED*,*REDACTED*,,Succeeded,*REDACTED*,*REDACTED*,*REDACTED*,*REDACTED*,1,*REDACTED*,*REDACTED*,2019-11-29T03:56:25,*REDACTED*,1,15,*REDACTED*,*REDACTED*,AzureActiveDirectory,*REDACTED*,*REDACTED*,*REDACTED*,*REDACTED*
UserLoggedIn,*REDACTED*,0,*REDACTED*,*REDACTED*,,Succeeded,*REDACTED*,*REDACTED*,*REDACTED*,*REDACTED*,1,*REDACTED*,*REDACTED*,2019-11-29T05:22:45,*REDACTED*,1,15,*REDACTED*,*REDACTED*,AzureActiveDirectory,*REDACTED*,*REDACTED*,*REDACTED*,*REDACTED*
UserLoggedIn,*REDACTED*,0,*REDACTED*,*REDACTED*,,Succeeded,*REDACTED*,*REDACTED*,*REDACTED*,*REDACTED*,1,*REDACTED*,*REDACTED*,2019-11-29T06:50:06,*REDACTED*,1,15,*REDACTED*,*REDACTED*,AzureActiveDirectory,*REDACTED*,*REDACTED*,*REDACTED*,*REDACTED*
UserLoggedIn,*REDACTED*,0,*REDACTED*,*REDACTED*,,Succeeded,*REDACTED*,*REDACTED*,*REDACTED*,*REDACTED*,1,*REDACTED*,*REDACTED*,2019-11-29T08:15:44,*REDACTED*,1,15,*REDACTED*,*REDACTED*,AzureActiveDirectory,*REDACTED*,*REDACTED*,*REDACTED*,*REDACTED*
UserLoggedIn,*REDACTED*,0,*REDACTED*,*REDACTED*,,Succeeded,*REDACTED*,*REDACTED*,*REDACTED*,*REDACTED*,1,*REDACTED*,*REDACTED*,2019-11-29T08:39:39,*REDACTED*,1,15,*REDACTED*,*REDACTED*,AzureActiveDirectory,*REDACTED*,*REDACTED*,*REDACTED*,*REDACTED*
UserLoggedIn,*REDACTED*,0,*REDACTED*,*REDACTED*,,Succeeded,*REDACTED*,*REDACTED*,*REDACTED*,*REDACTED*,1,*REDACTED*,*REDACTED*,2019-11-29T08:39:39,*REDACTED*,1,15,*REDACTED*,*REDACTED*,AzureActiveDirectory,*REDACTED*,*REDACTED*,*REDACTED*,*REDACTED*
UserLoggedIn,*REDACTED*,0,*REDACTED*,*REDACTED*,,Succeeded,*REDACTED*,*REDACTED*,*REDACTED*,*REDACTED*,1,*REDACTED*,*REDACTED*,2019-11-29T09:42:18,*REDACTED*,1,15,*REDACTED*,*REDACTED*,AzureActiveDirectory,*REDACTED*,*REDACTED*,*REDACTED*,*REDACTED*
UserLoggedIn,*REDACTED*,0,*REDACTED*,*REDACTED*,,Succeeded,*REDACTED*,*REDACTED*,*REDACTED*,*REDACTED*,1,*REDACTED*,*REDACTED*,2019-11-29T11:07:30,*REDACTED*,1,15,*REDACTED*,*REDACTED*,AzureActiveDirectory,*REDACTED*,*REDACTED*,*REDACTED*,*REDACTED*
UserLoggedIn,*REDACTED*,0,*REDACTED*,*REDACTED*,,Succeeded,*REDACTED*,*REDACTED*,*REDACTED*,*REDACTED*,1,*REDACTED*,*REDACTED*,2019-11-29T12:34:48,*REDACTED*,1,15,*REDACTED*,*REDACTED*,AzureActiveDirectory,*REDACTED*,*REDACTED*,*REDACTED*,*REDACTED*
UserLoggedIn,*REDACTED*,0,*REDACTED*,*REDACTED*,,Succeeded,*REDACTED*,*REDACTED*,*REDACTED*,*REDACTED*,1,*REDACTED*,*REDACTED*,2019-11-29T13:59:22,*REDACTED*,1,15,*REDACTED*,*REDACTED*,AzureActiveDirectory,*REDACTED*,*REDACTED*,*REDACTED*,*REDACTED*
UserLoggedIn,*REDACTED*,0,*REDACTED*,*REDACTED*,,Succeeded,*REDACTED*,*REDACTED*,*REDACTED*,*REDACTED*,1,*REDACTED*,*REDACTED*,2019-11-29T13:59:22,*REDACTED*,1,15,*REDACTED*,*REDACTED*,AzureActiveDirectory,*REDACTED*,*REDACTED*,*REDACTED*,*REDACTED*
UserLoggedIn,*REDACTED*,0,*REDACTED*,*REDACTED*,,Succeeded,*REDACTED*,*REDACTED*,*REDACTED*,*REDACTED*,1,*REDACTED*,*REDACTED*,2019-11-29T15:27:30,*REDACTED*,1,15,*REDACTED*,*REDACTED*,AzureActiveDirectory,*REDACTED*,*REDACTED*,*REDACTED*,*REDACTED*
UserLoggedIn,*REDACTED*,0,*REDACTED*,*REDACTED*,,Succeeded,*REDACTED*,*REDACTED*,*REDACTED*,*REDACTED*,1,*REDACTED*,*REDACTED*,2019-11-29T16:39:41,*REDACTED*,1,15,*REDACTED*,*REDACTED*,AzureActiveDirectory,*REDACTED*,*REDACTED*,*REDACTED*,*REDACTED*
UserLoggedIn,*REDACTED*,0,*REDACTED*,*REDACTED*,,Succeeded,*REDACTED*,*REDACTED*,*REDACTED*,*REDACTED*,1,*REDACTED*,*REDACTED*,2019-11-29T16:39:41,*REDACTED*,1,15,*REDACTED*,*REDACTED*,AzureActiveDirectory,*REDACTED*,*REDACTED*,*REDACTED*,*REDACTED*
UserLoggedIn,*REDACTED*,0,*REDACTED*,*REDACTED*,,Succeeded,*REDACTED*,*REDACTED*,*REDACTED*,*REDACTED*,1,*REDACTED*,*REDACTED*,2019-11-29T18:21:41,*REDACTED*,1,15,*REDACTED*,*REDACTED*,AzureActiveDirectory,*REDACTED*,*REDACTED*,*REDACTED*,*REDACTED*
UserLoggedIn,*REDACTED*,0,*REDACTED*,*REDACTED*,,Succeeded,*REDACTED*,*REDACTED*,*REDACTED*,*REDACTED*,1,*REDACTED*,*REDACTED*,2019-11-29T19:49:07,*REDACTED*,1,15,*REDACTED*,*REDACTED*,AzureActiveDirectory,*REDACTED*,*REDACTED*,*REDACTED*,*REDACTED*
UserLoggedIn,*REDACTED*,0,*REDACTED*,*REDACTED*,,Succeeded,*REDACTED*,*REDACTED*,*REDACTED*,*REDACTED*,1,*REDACTED*,*REDACTED*,2019-11-29T21:17:01,*REDACTED*,1,15,*REDACTED*,*REDACTED*,AzureActiveDirectory,*REDACTED*,*REDACTED*,*REDACTED*,*REDACTED*
UserLoggedIn,*REDACTED*,0,*REDACTED*,*REDACTED*,,Succeeded,*REDACTED*,*REDACTED*,*REDACTED*,*REDACTED*,1,*REDACTED*,*REDACTED*,2019-11-29T22:43:54,*REDACTED*,1,15,*REDACTED*,*REDACTED*,AzureActiveDirectory,*REDACTED*,*REDACTED*,*REDACTED*,*REDACTED*
UserLoggedIn,*REDACTED*,0,*REDACTED*,*REDACTED*,,Succeeded,*REDACTED*,*REDACTED*,*REDACTED*,*REDACTED*,1,*REDACTED*,*REDACTED*,2019-11-30T00:09:54,*REDACTED*,1,15,*REDACTED*,*REDACTED*,AzureActiveDirectory,*REDACTED*,*REDACTED*,*REDACTED*,*REDACTED*
UserLoggedIn,*REDACTED*,0,*REDACTED*,*REDACTED*,,Succeeded,*REDACTED*,*REDACTED*,*REDACTED*,*REDACTED*,1,*REDACTED*,*REDACTED*,2019-11-30T00:39:43,*REDACTED*,1,15,*REDACTED*,*REDACTED*,AzureActiveDirectory,*REDACTED*,*REDACTED*,*REDACTED*,*REDACTED*
UserLoggedIn,*REDACTED*,0,*REDACTED*,*REDACTED*,,Succeeded,*REDACTED*,*REDACTED*,*REDACTED*,*REDACTED*,1,*REDACTED*,*REDACTED*,2019-11-30T00:39:43,*REDACTED*,1,15,*REDACTED*,*REDACTED*,AzureActiveDirectory,*REDACTED*,*REDACTED*,*REDACTED*,*REDACTED*
UserLoggedIn,*REDACTED*,0,*REDACTED*,*REDACTED*,,Succeeded,*REDACTED*,*REDACTED*,*REDACTED*,*REDACTED*,1,*REDACTED*,*REDACTED*,2019-11-30T01:35:43,*REDACTED*,1,15,*REDACTED*,*REDACTED*,AzureActiveDirectory,*REDACTED*,*REDACTED*,*REDACTED*,*REDACTED*
UserLoggedIn,*REDACTED*,0,*REDACTED*,*REDACTED*,,Succeeded,*REDACTED*,*REDACTED*,*REDACTED*,*REDACTED*,1,*REDACTED*,*REDACTED*,2019-11-30T03:02:47,*REDACTED*,1,15,*REDACTED*,*REDACTED*,AzureActiveDirectory,*REDACTED*,*REDACTED*,*REDACTED*,*REDACTED*
UserLoggedIn,*REDACTED*,0,*REDACTED*,*REDACTED*,,Succeeded,*REDACTED*,*REDACTED*,*REDACTED*,*REDACTED*,1,*REDACTED*,*REDACTED*,2019-11-30T04:27:21,*REDACTED*,1,15,*REDACTED*,*REDACTED*,AzureActiveDirectory,*REDACTED*,*REDACTED*,*REDACTED*,*REDACTED*
UserLoggedIn,*REDACTED*,0,*REDACTED*,*REDACTED*,,Succeeded,*REDACTED*,*REDACTED*,*REDACTED*,*REDACTED*,1,*REDACTED*,*REDACTED*,2019-11-30T05:26:32,*REDACTED*,1,15,*REDACTED*,*REDACTED*,AzureActiveDirectory,*REDACTED*,*REDACTED*,*REDACTED*,*REDACTED*
UserLoggedIn,*REDACTED*,0,*REDACTED*,*REDACTED*,,Succeeded,*REDACTED*,*REDACTED*,*REDACTED*,*REDACTED*,1,*REDACTED*,*REDACTED*,2019-11-30T06:51:58,*REDACTED*,1,15,*REDACTED*,*REDACTED*,AzureActiveDirectory,*REDACTED*,*REDACTED*,*REDACTED*,*REDACTED*
UserLoggedIn,*REDACTED*,0,*REDACTED*,*REDACTED*,,Succeeded,*REDACTED*,*REDACTED*,*REDACTED*,*REDACTED*,1,*REDACTED*,*REDACTED*,2019-11-30T08:20:05,*REDACTED*,1,15,*REDACTED*,*REDACTED*,AzureActiveDirectory,*REDACTED*,*REDACTED*,*REDACTED*,*REDACTED*
UserLoggedIn,*REDACTED*,0,*REDACTED*,*REDACTED*,,Succeeded,*REDACTED*,*REDACTED*,*REDACTED*,*REDACTED*,1,*REDACTED*,*REDACTED*,2019-11-30T08:39:44,*REDACTED*,1,15,*REDACTED*,*REDACTED*,AzureActiveDirectory,*REDACTED*,*REDACTED*,*REDACTED*,*REDACTED*
UserLoggedIn,*REDACTED*,0,*REDACTED*,*REDACTED*,,Succeeded,*REDACTED*,*REDACTED*,*REDACTED*,*REDACTED*,1,*REDACTED*,*REDACTED*,2019-11-30T08:39:45,*REDACTED*,1,15,*REDACTED*,*REDACTED*,AzureActiveDirectory,*REDACTED*,*REDACTED*,*REDACTED*,*REDACTED*
UserLoggedIn,*REDACTED*,0,*REDACTED*,*REDACTED*,,Succeeded,*REDACTED*,*REDACTED*,*REDACTED*,*REDACTED*,1,*REDACTED*,*REDACTED*,2019-11-30T09:48:35,*REDACTED*,1,15,*REDACTED*,*REDACTED*,AzureActiveDirectory,*REDACTED*,*REDACTED*,*REDACTED*,*REDACTED*
UserLoggedIn,*REDACTED*,0,*REDACTED*,*REDACTED*,,Succeeded,*REDACTED*,*REDACTED*,*REDACTED*,*REDACTED*,1,*REDACTED*,*REDACTED*,2019-11-30T11:15:38,*REDACTED*,1,15,*REDACTED*,*REDACTED*,AzureActiveDirectory,*REDACTED*,*REDACTED*,*REDACTED*,*REDACTED*
UserLoggedIn,*REDACTED*,0,*REDACTED*,*REDACTED*,,Succeeded,*REDACTED*,*REDACTED*,*REDACTED*,*REDACTED*,1,*REDACTED*,*REDACTED*,2019-11-30T12:43:20,*REDACTED*,1,15,*REDACTED*,*REDACTED*,AzureActiveDirectory,*REDACTED*,*REDACTED*,*REDACTED*,*REDACTED*
UserLoggedIn,*REDACTED*,0,*REDACTED*,*REDACTED*,,Succeeded,*REDACTED*,*REDACTED*,*REDACTED*,*REDACTED*,1,*REDACTED*,*REDACTED*,2019-11-30T14:08:14,*REDACTED*,1,15,*REDACTED*,*REDACTED*,AzureActiveDirectory,*REDACTED*,*REDACTED*,*REDACTED*,*REDACTED*
UserLoggedIn,*REDACTED*,0,*REDACTED*,*REDACTED*,,Succeeded,*REDACTED*,*REDACTED*,*REDACTED*,*REDACTED*,1,*REDACTED*,*REDACTED*,2019-11-30T15:35:28,*REDACTED*,1,15,*REDACTED*,*REDACTED*,AzureActiveDirectory,*REDACTED*,*REDACTED*,*REDACTED*,*REDACTED*
UserLoggedIn,*REDACTED*,0,*REDACTED*,*REDACTED*,,Succeeded,*REDACTED*,*REDACTED*,*REDACTED*,*REDACTED*,1,*REDACTED*,*REDACTED*,2019-11-30T16:39:47,*REDACTED*,1,15,*REDACTED*,*REDACTED*,AzureActiveDirectory,*REDACTED*,*REDACTED*,*REDACTED*,*REDACTED*
UserLoggedIn,*REDACTED*,0,*REDACTED*,*REDACTED*,,Succeeded,*REDACTED*,*REDACTED*,*REDACTED*,*REDACTED*,1,*REDACTED*,*REDACTED*,2019-11-30T16:39:47,*REDACTED*,1,15,*REDACTED*,*REDACTED*,AzureActiveDirectory,*REDACTED*,*REDACTED*,*REDACTED*,*REDACTED*
UserLoggedIn,*REDACTED*,0,*REDACTED*,*REDACTED*,,Succeeded,*REDACTED*,*REDACTED*,*REDACTED*,*REDACTED*,1,*REDACTED*,*REDACTED*,2019-11-30T17:02:32,*REDACTED*,1,15,*REDACTED*,*REDACTED*,AzureActiveDirectory,*REDACTED*,*REDACTED*,*REDACTED*,*REDACTED*
UserLoggedIn,*REDACTED*,0,*REDACTED*,*REDACTED*,,Succeeded,*REDACTED*,*REDACTED*,*REDACTED*,*REDACTED*,1,*REDACTED*,*REDACTED*,2019-11-30T18:28:31,*REDACTED*,1,15,*REDACTED*,*REDACTED*,AzureActiveDirectory,*REDACTED*,*REDACTED*,*REDACTED*,*REDACTED*
UserLoggedIn,*REDACTED*,0,*REDACTED*,*REDACTED*,,Succeeded,*REDACTED*,*REDACTED*,*REDACTED*,*REDACTED*,1,*REDACTED*,*REDACTED*,2019-11-30T19:55:05,*REDACTED*,1,15,*REDACTED*,*REDACTED*,AzureActiveDirectory,*REDACTED*,*REDACTED*,*REDACTED*,*REDACTED*
UserLoggedIn,*REDACTED*,0,*REDACTED*,*REDACTED*,,Succeeded,*REDACTED*,*REDACTED*,*REDACTED*,*REDACTED*,1,*REDACTED*,*REDACTED*,2019-11-30T20:54:18,*REDACTED*,1,15,*REDACTED*,*REDACTED*,AzureActiveDirectory,*REDACTED*,*REDACTED*,*REDACTED*,*REDACTED*
UserLoggedIn,*REDACTED*,0,*REDACTED*,*REDACTED*,,Succeeded,*REDACTED*,*REDACTED*,*REDACTED*,*REDACTED*,1,*REDACTED*,*REDACTED*,2019-11-30T22:21:38,*REDACTED*,1,15,*REDACTED*,*REDACTED*,AzureActiveDirectory,*REDACTED*,*REDACTED*,*REDACTED*,*REDACTED*
UserLoggedIn,*REDACTED*,0,*REDACTED*,*REDACTED*,,Succeeded,*REDACTED*,*REDACTED*,*REDACTED*,*REDACTED*,1,*REDACTED*,*REDACTED*,2019-11-30T23:47:31,*REDACTED*,1,15,*REDACTED*,*REDACTED*,AzureActiveDirectory,*REDACTED*,*REDACTED*,*REDACTED*,*REDACTED*
UserLoggedIn,*REDACTED*,0,*REDACTED*,*REDACTED*,,Succeeded,*REDACTED*,*REDACTED*,*REDACTED*,*REDACTED*,1,*REDACTED*,*REDACTED*,2019-12-01T00:39:48,*REDACTED*,1,15,*REDACTED*,*REDACTED*,AzureActiveDirectory,*REDACTED*,*REDACTED*,*REDACTED*,*REDACTED*
UserLoggedIn,*REDACTED*,0,*REDACTED*,*REDACTED*,,Succeeded,*REDACTED*,*REDACTED*,*REDACTED*,*REDACTED*,1,*REDACTED*,*REDACTED*,2019-12-01T00:39:48,*REDACTED*,1,15,*REDACTED*,*REDACTED*,AzureActiveDirectory,*REDACTED*,*REDACTED*,*REDACTED*,*REDACTED*
UserLoggedIn,*REDACTED*,0,*REDACTED*,*REDACTED*,,Succeeded,*REDACTED*,*REDACTED*,*REDACTED*,*REDACTED*,1,*REDACTED*,*REDACTED*,2019-12-01T01:13:47,*REDACTED*,1,15,*REDACTED*,*REDACTED*,AzureActiveDirectory,*REDACTED*,*REDACTED*,*REDACTED*,*REDACTED*
UserLoggedIn,*REDACTED*,0,*REDACTED*,*REDACTED*,,Succeeded,*REDACTED*,*REDACTED*,*REDACTED*,*REDACTED*,1,*REDACTED*,*REDACTED*,2019-12-01T04:07:55,*REDACTED*,1,15,*REDACTED*,*REDACTED*,AzureActiveDirectory,*REDACTED*,*REDACTED*,*REDACTED*,*REDACTED*
UserLoggedIn,*REDACTED*,0,*REDACTED*,*REDACTED*,,Succeeded,*REDACTED*,*REDACTED*,*REDACTED*,*REDACTED*,1,*REDACTED*,*REDACTED*,2019-12-01T05:35:33,*REDACTED*,1,15,*REDACTED*,*REDACTED*,AzureActiveDirectory,*REDACTED*,*REDACTED*,*REDACTED*,*REDACTED*
UserLoggedIn,*REDACTED*,0,*REDACTED*,*REDACTED*,,Succeeded,*REDACTED*,*REDACTED*,*REDACTED*,*REDACTED*,1,*REDACTED*,*REDACTED*,2019-12-01T07:01:03,*REDACTED*,1,15,*REDACTED*,*REDACTED*,AzureActiveDirectory,*REDACTED*,*REDACTED*,*REDACTED*,*REDACTED*
UserLoggedIn,*REDACTED*,0,*REDACTED*,*REDACTED*,,Succeeded,*REDACTED*,*REDACTED*,*REDACTED*,*REDACTED*,1,*REDACTED*,*REDACTED*,2019-12-01T08:27:54,*REDACTED*,1,15,*REDACTED*,*REDACTED*,AzureActiveDirectory,*REDACTED*,*REDACTED*,*REDACTED*,*REDACTED*
UserLoggedIn,*REDACTED*,0,*REDACTED*,*REDACTED*,,Succeeded,*REDACTED*,*REDACTED*,*REDACTED*,*REDACTED*,1,*REDACTED*,*REDACTED*,2019-12-01T08:39:49,*REDACTED*,1,15,*REDACTED*,*REDACTED*,AzureActiveDirectory,*REDACTED*,*REDACTED*,*REDACTED*,*REDACTED*
UserLoggedIn,*REDACTED*,0,*REDACTED*,*REDACTED*,,Succeeded,*REDACTED*,*REDACTED*,*REDACTED*,*REDACTED*,1,*REDACTED*,*REDACTED*,2019-12-01T08:39:50,*REDACTED*,1,15,*REDACTED*,*REDACTED*,AzureActiveDirectory,*REDACTED*,*REDACTED*,*REDACTED*,*REDACTED*
UserLoggedIn,*REDACTED*,0,*REDACTED*,*REDACTED*,,Succeeded,*REDACTED*,*REDACTED*,*REDACTED*,*REDACTED*,1,*REDACTED*,*REDACTED*,2019-12-01T09:53:34,*REDACTED*,1,15,*REDACTED*,*REDACTED*,AzureActiveDirectory,*REDACTED*,*REDACTED*,*REDACTED*,*REDACTED*
UserLoggedIn,*REDACTED*,0,*REDACTED*,*REDACTED*,,Succeeded,*REDACTED*,*REDACTED*,*REDACTED*,*REDACTED*,1,*REDACTED*,*REDACTED*,2019-12-01T11:19:20,*REDACTED*,1,15,*REDACTED*,*REDACTED*,AzureActiveDirectory,*REDACTED*,*REDACTED*,*REDACTED*,*REDACTED*
UserLoggedIn,*REDACTED*,0,*REDACTED*,*REDACTED*,,Succeeded,*REDACTED*,*REDACTED*,*REDACTED*,*REDACTED*,1,*REDACTED*,*REDACTED*,2019-12-01T12:45:09,*REDACTED*,1,15,*REDACTED*,*REDACTED*,AzureActiveDirectory,*REDACTED*,*REDACTED*,*REDACTED*,*REDACTED*
UserLoggedIn,*REDACTED*,0,*REDACTED*,*REDACTED*,,Succeeded,*REDACTED*,*REDACTED*,*REDACTED*,*REDACTED*,1,*REDACTED*,*REDACTED*,2019-12-01T14:12:24,*REDACTED*,1,15,*REDACTED*,*REDACTED*,AzureActiveDirectory,*REDACTED*,*REDACTED*,*REDACTED*,*REDACTED*
UserLoggedIn,*REDACTED*,0,*REDACTED*,*REDACTED*,,Succeeded,*REDACTED*,*REDACTED*,*REDACTED*,*REDACTED*,1,*REDACTED*,*REDACTED*,2019-12-01T15:11:27,*REDACTED*,1,15,*REDACTED*,*REDACTED*,AzureActiveDirectory,*REDACTED*,*REDACTED*,*REDACTED*,*REDACTED*
UserLoggedIn,*REDACTED*,0,*REDACTED*,*REDACTED*,,Succeeded,*REDACTED*,*REDACTED*,*REDACTED*,*REDACTED*,1,*REDACTED*,*REDACTED*,2019-12-01T16:38:19,*REDACTED*,1,15,*REDACTED*,*REDACTED*,AzureActiveDirectory,*REDACTED*,*REDACTED*,*REDACTED*,*REDACTED*
UserLoggedIn,*REDACTED*,0,*REDACTED*,*REDACTED*,,Succeeded,*REDACTED*,*REDACTED*,*REDACTED*,*REDACTED*,1,*REDACTED*,*REDACTED*,2019-12-01T16:39:52,*REDACTED*,1,15,*REDACTED*,*REDACTED*,AzureActiveDirectory,*REDACTED*,*REDACTED*,*REDACTED*,*REDACTED*
UserLoggedIn,*REDACTED*,0,*REDACTED*,*REDACTED*,,Succeeded,*REDACTED*,*REDACTED*,*REDACTED*,*REDACTED*,1,*REDACTED*,*REDACTED*,2019-12-01T16:39:52,*REDACTED*,1,15,*REDACTED*,*REDACTED*,AzureActiveDirectory,*REDACTED*,*REDACTED*,*REDACTED*,*REDACTED*
UserLoggedIn,*REDACTED*,0,*REDACTED*,*REDACTED*,,Succeeded,*REDACTED*,*REDACTED*,*REDACTED*,*REDACTED*,1,*REDACTED*,*REDACTED*,2019-12-01T18:04:15,*REDACTED*,1,15,*REDACTED*,*REDACTED*,AzureActiveDirectory,*REDACTED*,*REDACTED*,*REDACTED*,*REDACTED*
UserLoggedIn,*REDACTED*,0,*REDACTED*,*REDACTED*,,Succeeded,*REDACTED*,*REDACTED*,*REDACTED*,*REDACTED*,1,*REDACTED*,*REDACTED*,2019-12-01T19:32:01,*REDACTED*,1,15,*REDACTED*,*REDACTED*,AzureActiveDirectory,*REDACTED*,*REDACTED*,*REDACTED*,*REDACTED*
UserLoggedIn,*REDACTED*,0,*REDACTED*,*REDACTED*,,Succeeded,*REDACTED*,*REDACTED*,*REDACTED*,*REDACTED*,1,*REDACTED*,*REDACTED*,2019-12-01T20:58:38,*REDACTED*,1,15,*REDACTED*,*REDACTED*,AzureActiveDirectory,*REDACTED*,*REDACTED*,*REDACTED*,*REDACTED*
UserLoggedIn,*REDACTED*,0,*REDACTED*,*REDACTED*,,Succeeded,*REDACTED*,*REDACTED*,*REDACTED*,*REDACTED*,1,*REDACTED*,*REDACTED*,2019-12-01T22:25:28,*REDACTED*,1,15,*REDACTED*,*REDACTED*,AzureActiveDirectory,*REDACTED*,*REDACTED*,*REDACTED*,*REDACTED*
UserLoggedIn,*REDACTED*,0,*REDACTED*,*REDACTED*,,Succeeded,*REDACTED*,*REDACTED*,*REDACTED*,*REDACTED*,1,*REDACTED*,*REDACTED*,2019-12-01T23:53:20,*REDACTED*,1,15,*REDACTED*,*REDACTED*,AzureActiveDirectory,*REDACTED*,*REDACTED*,*REDACTED*,*REDACTED*
UserLoggedIn,*REDACTED*,0,*REDACTED*,*REDACTED*,,Succeeded,*REDACTED*,*REDACTED*,*REDACTED*,*REDACTED*,1,*REDACTED*,*REDACTED*,2019-12-02T00:39:53,*REDACTED*,1,15,*REDACTED*,*REDACTED*,AzureActiveDirectory,*REDACTED*,*REDACTED*,*REDACTED*,*REDACTED*
UserLoggedIn,*REDACTED*,0,*REDACTED*,*REDACTED*,,Succeeded,*REDACTED*,*REDACTED*,*REDACTED*,*REDACTED*,1,*REDACTED*,*REDACTED*,2019-12-02T00:39:53,*REDACTED*,1,15,*REDACTED*,*REDACTED*,AzureActiveDirectory,*REDACTED*,*REDACTED*,*REDACTED*,*REDACTED*
UserLoggedIn,*REDACTED*,0,*REDACTED*,*REDACTED*,,Succeeded,*REDACTED*,*REDACTED*,*REDACTED*,*REDACTED*,1,*REDACTED*,*REDACTED*,2019-12-02T01:19:30,*REDACTED*,1,15,*REDACTED*,*REDACTED*,AzureActiveDirectory,*REDACTED*,*REDACTED*,*REDACTED*,*REDACTED*
UserLoggedIn,*REDACTED*,0,*REDACTED*,*REDACTED*,,Succeeded,*REDACTED*,*REDACTED*,*REDACTED*,*REDACTED*,1,*REDACTED*,*REDACTED*,2019-12-02T02:45:20,*REDACTED*,1,15,*REDACTED*,*REDACTED*,AzureActiveDirectory,*REDACTED*,*REDACTED*,*REDACTED*,*REDACTED*
UserLoggedIn,*REDACTED*,0,*REDACTED*,*REDACTED*,,Succeeded,*REDACTED*,*REDACTED*,*REDACTED*,*REDACTED*,1,*REDACTED*,*REDACTED*,2019-12-02T04:11:55,*REDACTED*,1,15,*REDACTED*,*REDACTED*,AzureActiveDirectory,*REDACTED*,*REDACTED*,*REDACTED*,*REDACTED*
UserLoggedIn,*REDACTED*,0,*REDACTED*,*REDACTED*,,Succeeded,*REDACTED*,*REDACTED*,*REDACTED*,*REDACTED*,1,*REDACTED*,*REDACTED*,2019-12-02T05:39:41,*REDACTED*,1,15,*REDACTED*,*REDACTED*,AzureActiveDirectory,*REDACTED*,*REDACTED*,*REDACTED*,*REDACTED*
UserLoggedIn,*REDACTED*,0,*REDACTED*,*REDACTED*,,Succeeded,*REDACTED*,*REDACTED*,*REDACTED*,*REDACTED*,1,*REDACTED*,*REDACTED*,2019-12-02T05:39:41,*REDACTED*,1,15,*REDACTED*,*REDACTED*,AzureActiveDirectory,*REDACTED*,*REDACTED*,*REDACTED*,*REDACTED*
UserLoggedIn,*REDACTED*,0,*REDACTED*,*REDACTED*,,Succeeded,*REDACTED*,*REDACTED*,*REDACTED*,*REDACTED*,1,*REDACTED*,*REDACTED*,2019-12-02T05:39:41,*REDACTED*,1,15,*REDACTED*,*REDACTED*,AzureActiveDirectory,*REDACTED*,*REDACTED*,*REDACTED*,*REDACTED*
UserLoggedIn,*REDACTED*,0,*REDACTED*,*REDACTED*,,Succeeded,*REDACTED*,*REDACTED*,*REDACTED*,*REDACTED*,1,*REDACTED*,*REDACTED*,2019-12-02T05:39:41,*REDACTED*,1,15,*REDACTED*,*REDACTED*,AzureActiveDirectory,*REDACTED*,*REDACTED*,*REDACTED*,*REDACTED*
UserLoggedIn,*REDACTED*,0,*REDACTED*,*REDACTED*,,Succeeded,*REDACTED*,*REDACTED*,*REDACTED*,*REDACTED*,1,*REDACTED*,*REDACTED*,2019-12-02T07:07:00,*REDACTED*,1,15,*REDACTED*,*REDACTED*,AzureActiveDirectory,*REDACTED*,*REDACTED*,*REDACTED*,*REDACTED*
UserLoggedIn,*REDACTED*,0,*REDACTED*,*REDACTED*,,Succeeded,*REDACTED*,*REDACTED*,*REDACTED*,*REDACTED*,1,*REDACTED*,*REDACTED*,2019-12-02T07:07:00,*REDACTED*,1,15,*REDACTED*,*REDACTED*,AzureActiveDirectory,*REDACTED*,*REDACTED*,*REDACTED*,*REDACTED*
UserLoggedIn,*REDACTED*,0,*REDACTED*,*REDACTED*,,Succeeded,*REDACTED*,*REDACTED*,*REDACTED*,*REDACTED*,1,*REDACTED*,*REDACTED*,2019-12-02T08:33:59,*REDACTED*,1,15,*REDACTED*,*REDACTED*,AzureActiveDirectory,*REDACTED*,*REDACTED*,*REDACTED*,*REDACTED*
UserLoggedIn,*REDACTED*,0,*REDACTED*,*REDACTED*,,Succeeded,*REDACTED*,*REDACTED*,*REDACTED*,*REDACTED*,1,*REDACTED*,*REDACTED*,2019-12-02T08:33:59,*REDACTED*,1,15,*REDACTED*,*REDACTED*,AzureActiveDirectory,*REDACTED*,*REDACTED*,*REDACTED*,*REDACTED*
UserLoggedIn,*REDACTED*,0,*REDACTED*,*REDACTED*,,Succeeded,*REDACTED*,*REDACTED*,*REDACTED*,*REDACTED*,1,*REDACTED*,*REDACTED*,2019-12-02T08:39:54,*REDACTED*,1,15,*REDACTED*,*REDACTED*,AzureActiveDirectory,*REDACTED*,*REDACTED*,*REDACTED*,*REDACTED*
UserLoggedIn,*REDACTED*,0,*REDACTED*,*REDACTED*,,Succeeded,*REDACTED*,*REDACTED*,*REDACTED*,*REDACTED*,1,*REDACTED*,*REDACTED*,2019-12-02T08:39:54,*REDACTED*,1,15,*REDACTED*,*REDACTED*,AzureActiveDirectory,*REDACTED*,*REDACTED*,*REDACTED*,*REDACTED*
UserLoggedIn,*REDACTED*,0,*REDACTED*,*REDACTED*,,Succeeded,*REDACTED*,*REDACTED*,*REDACTED*,*REDACTED*,1,*REDACTED*,*REDACTED*,2019-12-02T08:39:54,*REDACTED*,1,15,*REDACTED*,*REDACTED*,AzureActiveDirectory,*REDACTED*,*REDACTED*,*REDACTED*,*REDACTED*
UserLoggedIn,*REDACTED*,0,*REDACTED*,*REDACTED*,,Succeeded,*REDACTED*,*REDACTED*,*REDACTED*,*REDACTED*,1,*REDACTED*,*REDACTED*,2019-12-02T08:39:54,*REDACTED*,1,15,*REDACTED*,*REDACTED*,AzureActiveDirectory,*REDACTED*,*REDACTED*,*REDACTED*,*REDACTED*
UserLoggedIn,*REDACTED*,0,*REDACTED*,*REDACTED*,,Succeeded,*REDACTED*,*REDACTED*,*REDACTED*,*REDACTED*,1,*REDACTED*,*REDACTED*,2019-12-02T10:00:03,*REDACTED*,1,15,*REDACTED*,*REDACTED*,AzureActiveDirectory,*REDACTED*,*REDACTED*,*REDACTED*,*REDACTED*
UserLoggedIn,*REDACTED*,0,*REDACTED*,*REDACTED*,,Succeeded,*REDACTED*,*REDACTED*,*REDACTED*,*REDACTED*,1,*REDACTED*,*REDACTED*,2019-12-02T10:00:03,*REDACTED*,1,15,*REDACTED*,*REDACTED*,AzureActiveDirectory,*REDACTED*,*REDACTED*,*REDACTED*,*REDACTED*
UserLoggedIn,*REDACTED*,0,*REDACTED*,*REDACTED*,,Succeeded,*REDACTED*,*REDACTED*,*REDACTED*,*REDACTED*,1,*REDACTED*,*REDACTED*,2019-12-02T11:28:22,*REDACTED*,1,15,*REDACTED*,*REDACTED*,AzureActiveDirectory,*REDACTED*,*REDACTED*,*REDACTED*,*REDACTED*
UserLoggedIn,*REDACTED*,0,*REDACTED*,*REDACTED*,,Succeeded,*REDACTED*,*REDACTED*,*REDACTED*,*REDACTED*,1,*REDACTED*,*REDACTED*,2019-12-02T11:28:22,*REDACTED*,1,15,*REDACTED*,*REDACTED*,AzureActiveDirectory,*REDACTED*,*REDACTED*,*REDACTED*,*REDACTED*
UserLoggedIn,*REDACTED*,0,*REDACTED*,*REDACTED*,,Succeeded,*REDACTED*,*REDACTED*,*REDACTED*,*REDACTED*,1,*REDACTED*,*REDACTED*,2019-12-02T12:54:23,*REDACTED*,1,15,*REDACTED*,*REDACTED*,AzureActiveDirectory,*REDACTED*,*REDACTED*,*REDACTED*,*REDACTED*
UserLoggedIn,*REDACTED*,0,*REDACTED*,*REDACTED*,,Succeeded,*REDACTED*,*REDACTED*,*REDACTED*,*REDACTED*,1,*REDACTED*,*REDACTED*,2019-12-02T12:54:23,*REDACTED*,1,15,*REDACTED*,*REDACTED*,AzureActiveDirectory,*REDACTED*,*REDACTED*,*REDACTED*,*REDACTED*
UserLoggedIn,*REDACTED*,0,*REDACTED*,*REDACTED*,,Succeeded,*REDACTED*,*REDACTED*,*REDACTED*,*REDACTED*,1,*REDACTED*,*REDACTED*,2019-12-02T13:04:31,*REDACTED*,1,15,*REDACTED*,*REDACTED*,AzureActiveDirectory,*REDACTED*,*REDACTED*,*REDACTED*,*REDACTED*
UserLoggedIn,*REDACTED*,0,*REDACTED*,*REDACTED*,,Succeeded,*REDACTED*,*REDACTED*,*REDACTED*,*REDACTED*,1,*REDACTED*,*REDACTED*,2019-12-02T13:04:31,*REDACTED*,1,15,*REDACTED*,*REDACTED*,AzureActiveDirectory,*REDACTED*,*REDACTED*,*REDACTED*,*REDACTED*
UserLoggedIn,*REDACTED*,0,*REDACTED*,*REDACTED*,,Succeeded,*REDACTED*,*REDACTED*,*REDACTED*,*REDACTED*,1,*REDACTED*,*REDACTED*,2019-12-02T13:04:31,*REDACTED*,1,15,*REDACTED*,*REDACTED*,AzureActiveDirectory,*REDACTED*,*REDACTED*,*REDACTED*,*REDACTED*
UserLoggedIn,*REDACTED*,0,*REDACTED*,*REDACTED*,,Succeeded,*REDACTED*,*REDACTED*,*REDACTED*,*REDACTED*,1,*REDACTED*,*REDACTED*,2019-12-02T13:04:31,*REDACTED*,1,15,*REDACTED*,*REDACTED*,AzureActiveDirectory,*REDACTED*,*REDACTED*,*REDACTED*,*REDACTED*
UserLoggedIn,*REDACTED*,0,*REDACTED*,*REDACTED*,,Succeeded,*REDACTED*,*REDACTED*,*REDACTED*,*REDACTED*,1,*REDACTED*,*REDACTED*,2019-12-02T13:04:33,*REDACTED*,1,15,*REDACTED*,*REDACTED*,AzureActiveDirectory,*REDACTED*,*REDACTED*,*REDACTED*,*REDACTED*
UserLoggedIn,*REDACTED*,0,*REDACTED*,*REDACTED*,,Succeeded,*REDACTED*,*REDACTED*,*REDACTED*,*REDACTED*,1,*REDACTED*,*REDACTED*,2019-12-02T13:04:33,*REDACTED*,1,15,*REDACTED*,*REDACTED*,AzureActiveDirectory,*REDACTED*,*REDACTED*,*REDACTED*,*REDACTED*
UserLoggedIn,*REDACTED*,0,*REDACTED*,*REDACTED*,,Succeeded,*REDACTED*,*REDACTED*,*REDACTED*,*REDACTED*,1,*REDACTED*,*REDACTED*,2019-12-02T13:04:33,*REDACTED*,1,15,*REDACTED*,*REDACTED*,AzureActiveDirectory,*REDACTED*,*REDACTED*,*REDACTED*,*REDACTED*
UserLoggedIn,*REDACTED*,0,*REDACTED*,*REDACTED*,,Succeeded,*REDACTED*,*REDACTED*,*REDACTED*,*REDACTED*,1,*REDACTED*,*REDACTED*,2019-12-02T13:04:33,*REDACTED*,1,15,*REDACTED*,*REDACTED*,AzureActiveDirectory,*REDACTED*,*REDACTED*,*REDACTED*,*REDACTED*
UserLoggedIn,*REDACTED*,0,*REDACTED*,*REDACTED*,,Succeeded,*REDACTED*,*REDACTED*,*REDACTED*,*REDACTED*,1,*REDACTED*,*REDACTED*,2019-12-02T13:04:34,*REDACTED*,1,15,*REDACTED*,*REDACTED*,AzureActiveDirectory,*REDACTED*,*REDACTED*,*REDACTED*,*REDACTED*
UserLoggedIn,*REDACTED*,0,*REDACTED*,*REDACTED*,,Succeeded,*REDACTED*,*REDACTED*,*REDACTED*,*REDACTED*,1,*REDACTED*,*REDACTED*,2019-12-02T13:04:34,*REDACTED*,1,15,*REDACTED*,*REDACTED*,AzureActiveDirectory,*REDACTED*,*REDACTED*,*REDACTED*,*REDACTED*
UserLoggedIn,*REDACTED*,0,*REDACTED*,*REDACTED*,,Succeeded,*REDACTED*,*REDACTED*,*REDACTED*,*REDACTED*,1,*REDACTED*,*REDACTED*,2019-12-02T13:04:35,*REDACTED*,1,15,*REDACTED*,*REDACTED*,AzureActiveDirectory,*REDACTED*,*REDACTED*,*REDACTED*,*REDACTED*
UserLoggedIn,*REDACTED*,0,*REDACTED*,*REDACTED*,,Succeeded,*REDACTED*,*REDACTED*,*REDACTED*,*REDACTED*,1,*REDACTED*,*REDACTED*,2019-12-02T13:04:35,*REDACTED*,1,15,*REDACTED*,*REDACTED*,AzureActiveDirectory,*REDACTED*,*REDACTED*,*REDACTED*,*REDACTED*
UserLoggedIn,*REDACTED*,0,*REDACTED*,*REDACTED*,,Succeeded,*REDACTED*,*REDACTED*,*REDACTED*,*REDACTED*,1,*REDACTED*,*REDACTED*,2019-12-02T13:07:55,*REDACTED*,1,15,*REDACTED*,*REDACTED*,AzureActiveDirectory,*REDACTED*,*REDACTED*,*REDACTED*,*REDACTED*
UserLoggedIn,*REDACTED*,0,*REDACTED*,*REDACTED*,,Succeeded,*REDACTED*,*REDACTED*,*REDACTED*,*REDACTED*,1,*REDACTED*,*REDACTED*,2019-12-02T13:07:55,*REDACTED*,1,15,*REDACTED*,*REDACTED*,AzureActiveDirectory,*REDACTED*,*REDACTED*,*REDACTED*,*REDACTED*
UserLoggedIn,*REDACTED*,0,*REDACTED*,*REDACTED*,,Succeeded,*REDACTED*,*REDACTED*,*REDACTED*,*REDACTED*,1,*REDACTED*,*REDACTED*,2019-12-02T13:32:31,*REDACTED*,1,15,*REDACTED*,*REDACTED*,AzureActiveDirectory,*REDACTED*,*REDACTED*,*REDACTED*,*REDACTED*
UserLoggedIn,*REDACTED*,0,*REDACTED*,*REDACTED*,,Succeeded,*REDACTED*,*REDACTED*,*REDACTED*,*REDACTED*,1,*REDACTED*,*REDACTED*,2019-12-02T13:32:31,*REDACTED*,1,15,*REDACTED*,*REDACTED*,AzureActiveDirectory,*REDACTED*,*REDACTED*,*REDACTED*,*REDACTED*
UserLoggedIn,*REDACTED*,0,*REDACTED*,*REDACTED*,,Succeeded,*REDACTED*,*REDACTED*,*REDACTED*,*REDACTED*,1,*REDACTED*,*REDACTED*,2019-12-02T13:32:31,*REDACTED*,1,15,*REDACTED*,*REDACTED*,AzureActiveDirectory,*REDACTED*,*REDACTED*,*REDACTED*,*REDACTED*
UserLoggedIn,*REDACTED*,0,*REDACTED*,*REDACTED*,,Succeeded,*REDACTED*,*REDACTED*,*REDACTED*,*REDACTED*,1,*REDACTED*,*REDACTED*,2019-12-02T13:32:31,*REDACTED*,1,15,*REDACTED*,*REDACTED*,AzureActiveDirectory,*REDACTED*,*REDACTED*,*REDACTED*,*REDACTED*
UserLoggedIn,*REDACTED*,0,*REDACTED*,*REDACTED*,,Succeeded,*REDACTED*,*REDACTED*,*REDACTED*,*REDACTED*,1,*REDACTED*,*REDACTED*,2019-12-02T13:32:34,*REDACTED*,1,15,*REDACTED*,*REDACTED*,AzureActiveDirectory,*REDACTED*,*REDACTED*,*REDACTED*,*REDACTED*
UserLoggedIn,*REDACTED*,0,*REDACTED*,*REDACTED*,,Succeeded,*REDACTED*,*REDACTED*,*REDACTED*,*REDACTED*,1,*REDACTED*,*REDACTED*,2019-12-02T13:32:34,*REDACTED*,1,15,*REDACTED*,*REDACTED*,AzureActiveDirectory,*REDACTED*,*REDACTED*,*REDACTED*,*REDACTED*
UserLoggedIn,*REDACTED*,0,*REDACTED*,*REDACTED*,,Succeeded,*REDACTED*,*REDACTED*,*REDACTED*,*REDACTED*,1,*REDACTED*,*REDACTED*,2019-12-02T13:32:34,*REDACTED*,1,15,*REDACTED*,*REDACTED*,AzureActiveDirectory,*REDACTED*,*REDACTED*,*REDACTED*,*REDACTED*
UserLoggedIn,*REDACTED*,0,*REDACTED*,*REDACTED*,,Succeeded,*REDACTED*,*REDACTED*,*REDACTED*,*REDACTED*,1,*REDACTED*,*REDACTED*,2019-12-02T13:32:34,*REDACTED*,1,15,*REDACTED*,*REDACTED*,AzureActiveDirectory,*REDACTED*,*REDACTED*,*REDACTED*,*REDACTED*
UserLoggedIn,*REDACTED*,0,*REDACTED*,*REDACTED*,,Succeeded,*REDACTED*,*REDACTED*,*REDACTED*,*REDACTED*,1,*REDACTED*,*REDACTED*,2019-12-02T13:39:17,*REDACTED*,1,15,*REDACTED*,*REDACTED*,AzureActiveDirectory,*REDACTED*,*REDACTED*,*REDACTED*,*REDACTED*
UserLoggedIn,*REDACTED*,0,*REDACTED*,*REDACTED*,,Succeeded,*REDACTED*,*REDACTED*,*REDACTED*,*REDACTED*,1,*REDACTED*,*REDACTED*,2019-12-02T13:39:17,*REDACTED*,1,15,*REDACTED*,*REDACTED*,AzureActiveDirectory,*REDACTED*,*REDACTED*,*REDACTED*,*REDACTED*
UserLoggedIn,*REDACTED*,0,*REDACTED*,*REDACTED*,,Succeeded,*REDACTED*,*REDACTED*,*REDACTED*,*REDACTED*,1,*REDACTED*,*REDACTED*,2019-12-02T13:39:17,*REDACTED*,1,15,*REDACTED*,*REDACTED*,AzureActiveDirectory,*REDACTED*,*REDACTED*,*REDACTED*,*REDACTED*
UserLoggedIn,*REDACTED*,0,*REDACTED*,*REDACTED*,,Succeeded,*REDACTED*,*REDACTED*,*REDACTED*,*REDACTED*,1,*REDACTED*,*REDACTED*,2019-12-02T13:39:17,*REDACTED*,1,15,*REDACTED*,*REDACTED*,AzureActiveDirectory,*REDACTED*,*REDACTED*,*REDACTED*,*REDACTED*
UserLoggedIn,*REDACTED*,0,*REDACTED*,*REDACTED*,,Succeeded,*REDACTED*,*REDACTED*,*REDACTED*,*REDACTED*,1,*REDACTED*,*REDACTED*,2019-12-02T13:51:17,*REDACTED*,1,15,*REDACTED*,*REDACTED*,AzureActiveDirectory,*REDACTED*,*REDACTED*,*REDACTED*,*REDACTED*
UserLoggedIn,*REDACTED*,0,*REDACTED*,*REDACTED*,,Succeeded,*REDACTED*,*REDACTED*,*REDACTED*,*REDACTED*,1,*REDACTED*,*REDACTED*,2019-12-02T13:51:17,*REDACTED*,1,15,*REDACTED*,*REDACTED*,AzureActiveDirectory,*REDACTED*,*REDACTED*,*REDACTED*,*REDACTED*
UserLoggedIn,*REDACTED*,0,*REDACTED*,*REDACTED*,,Succeeded,*REDACTED*,*REDACTED*,*REDACTED*,*REDACTED*,1,*REDACTED*,*REDACTED*,2019-12-02T13:51:17,*REDACTED*,1,15,*REDACTED*,*REDACTED*,AzureActiveDirectory,*REDACTED*,*REDACTED*,*REDACTED*,*REDACTED*
UserLoggedIn,*REDACTED*,0,*REDACTED*,*REDACTED*,,Succeeded,*REDACTED*,*REDACTED*,*REDACTED*,*REDACTED*,1,*REDACTED*,*REDACTED*,2019-12-02T13:51:17,*REDACTED*,1,15,*REDACTED*,*REDACTED*,AzureActiveDirectory,*REDACTED*,*REDACTED*,*REDACTED*,*REDACTED*
UserLoggedIn,*REDACTED*,0,*REDACTED*,*REDACTED*,,Succeeded,*REDACTED*,*REDACTED*,*REDACTED*,*REDACTED*,1,*REDACTED*,*REDACTED*,2019-12-02T13:51:19,*REDACTED*,1,15,*REDACTED*,*REDACTED*,AzureActiveDirectory,*REDACTED*,*REDACTED*,*REDACTED*,*REDACTED*
UserLoggedIn,*REDACTED*,0,*REDACTED*,*REDACTED*,,Succeeded,*REDACTED*,*REDACTED*,*REDACTED*,*REDACTED*,1,*REDACTED*,*REDACTED*,2019-12-02T13:51:19,*REDACTED*,1,15,*REDACTED*,*REDACTED*,AzureActiveDirectory,*REDACTED*,*REDACTED*,*REDACTED*,*REDACTED*
UserLoggedIn,*REDACTED*,0,*REDACTED*,*REDACTED*,,Succeeded,*REDACTED*,*REDACTED*,*REDACTED*,*REDACTED*,1,*REDACTED*,*REDACTED*,2019-12-02T13:53:33,*REDACTED*,1,15,*REDACTED*,*REDACTED*,AzureActiveDirectory,*REDACTED*,*REDACTED*,*REDACTED*,*REDACTED*
UserLoggedIn,*REDACTED*,0,*REDACTED*,*REDACTED*,,Succeeded,*REDACTED*,*REDACTED*,*REDACTED*,*REDACTED*,1,*REDACTED*,*REDACTED*,2019-12-02T13:53:33,*REDACTED*,1,15,*REDACTED*,*REDACTED*,AzureActiveDirectory,*REDACTED*,*REDACTED*,*REDACTED*,*REDACTED*
UserLoggedIn,*REDACTED*,0,*REDACTED*,*REDACTED*,,Succeeded,*REDACTED*,*REDACTED*,*REDACTED*,*REDACTED*,1,*REDACTED*,*REDACTED*,2019-12-02T14:07:13,*REDACTED*,1,15,*REDACTED*,*REDACTED*,AzureActiveDirectory,*REDACTED*,*REDACTED*,*REDACTED*,*REDACTED*
UserLoggedIn,*REDACTED*,0,*REDACTED*,*REDACTED*,,Succeeded,*REDACTED*,*REDACTED*,*REDACTED*,*REDACTED*,1,*REDACTED*,*REDACTED*,2019-12-02T14:07:13,*REDACTED*,1,15,*REDACTED*,*REDACTED*,AzureActiveDirectory,*REDACTED*,*REDACTED*,*REDACTED*,*REDACTED*
UserLoggedIn,*REDACTED*,0,*REDACTED*,*REDACTED*,,Succeeded,*REDACTED*,*REDACTED*,*REDACTED*,*REDACTED*,1,*REDACTED*,*REDACTED*,2019-12-02T14:07:19,*REDACTED*,1,15,*REDACTED*,*REDACTED*,AzureActiveDirectory,*REDACTED*,*REDACTED*,*REDACTED*,*REDACTED*
UserLoggedIn,*REDACTED*,0,*REDACTED*,*REDACTED*,,Succeeded,*REDACTED*,*REDACTED*,*REDACTED*,*REDACTED*,1,*REDACTED*,*REDACTED*,2019-12-02T14:07:19,*REDACTED*,1,15,*REDACTED*,*REDACTED*,AzureActiveDirectory,*REDACTED*,*REDACTED*,*REDACTED*,*REDACTED*
UserLoggedIn,*REDACTED*,0,*REDACTED*,*REDACTED*,,Succeeded,*REDACTED*,*REDACTED*,*REDACTED*,*REDACTED*,1,*REDACTED*,*REDACTED*,2019-12-02T14:07:44,*REDACTED*,1,15,*REDACTED*,*REDACTED*,AzureActiveDirectory,*REDACTED*,*REDACTED*,*REDACTED*,*REDACTED*
UserLoggedIn,*REDACTED*,0,*REDACTED*,*REDACTED*,,Succeeded,*REDACTED*,*REDACTED*,*REDACTED*,*REDACTED*,1,*REDACTED*,*REDACTED*,2019-12-02T14:07:44,*REDACTED*,1,15,*REDACTED*,*REDACTED*,AzureActiveDirectory,*REDACTED*,*REDACTED*,*REDACTED*,*REDACTED*
UserLoggedIn,*REDACTED*,0,*REDACTED*,*REDACTED*,,Succeeded,*REDACTED*,*REDACTED*,*REDACTED*,*REDACTED*,1,*REDACTED*,*REDACTED*,2019-12-02T14:07:44,*REDACTED*,1,15,*REDACTED*,*REDACTED*,AzureActiveDirectory,*REDACTED*,*REDACTED*,*REDACTED*,*REDACTED*
UserLoggedIn,*REDACTED*,0,*REDACTED*,*REDACTED*,,Succeeded,*REDACTED*,*REDACTED*,*REDACTED*,*REDACTED*,1,*REDACTED*,*REDACTED*,2019-12-02T14:07:44,*REDACTED*,1,15,*REDACTED*,*REDACTED*,AzureActiveDirectory,*REDACTED*,*REDACTED*,*REDACTED*,*REDACTED*
UserLoggedIn,*REDACTED*,0,*REDACTED*,*REDACTED*,,Succeeded,*REDACTED*,*REDACTED*,*REDACTED*,*REDACTED*,1,*REDACTED*,*REDACTED*,2019-12-02T14:07:44,*REDACTED*,1,15,*REDACTED*,*REDACTED*,AzureActiveDirectory,*REDACTED*,*REDACTED*,*REDACTED*,*REDACTED*
UserLoggedIn,*REDACTED*,0,*REDACTED*,*REDACTED*,,Succeeded,*REDACTED*,*REDACTED*,*REDACTED*,*REDACTED*,1,*REDACTED*,*REDACTED*,2019-12-02T14:07:44,*REDACTED*,1,15,*REDACTED*,*REDACTED*,AzureActiveDirectory,*REDACTED*,*REDACTED*,*REDACTED*,*REDACTED*
UserLoggedIn,*REDACTED*,0,*REDACTED*,*REDACTED*,,Succeeded,*REDACTED*,*REDACTED*,*REDACTED*,*REDACTED*,1,*REDACTED*,*REDACTED*,2019-12-02T14:07:44,*REDACTED*,1,15,*REDACTED*,*REDACTED*,AzureActiveDirectory,*REDACTED*,*REDACTED*,*REDACTED*,*REDACTED*
UserLoggedIn,*REDACTED*,0,*REDACTED*,*REDACTED*,,Succeeded,*REDACTED*,*REDACTED*,*REDACTED*,*REDACTED*,1,*REDACTED*,*REDACTED*,2019-12-02T14:07:44,*REDACTED*,1,15,*REDACTED*,*REDACTED*,AzureActiveDirectory,*REDACTED*,*REDACTED*,*REDACTED*,*REDACTED*
UserLoggedIn,*REDACTED*,0,*REDACTED*,*REDACTED*,,Succeeded,*REDACTED*,*REDACTED*,*REDACTED*,*REDACTED*,1,*REDACTED*,*REDACTED*,2019-12-02T14:42:15,*REDACTED*,1,15,*REDACTED*,*REDACTED*,AzureActiveDirectory,*REDACTED*,*REDACTED*,*REDACTED*,*REDACTED*
UserLoggedIn,*REDACTED*,0,*REDACTED*,*REDACTED*,,Succeeded,*REDACTED*,*REDACTED*,*REDACTED*,*REDACTED*,1,*REDACTED*,*REDACTED*,2019-12-02T14:42:15,*REDACTED*,1,15,*REDACTED*,*REDACTED*,AzureActiveDirectory,*REDACTED*,*REDACTED*,*REDACTED*,*REDACTED*
UserLoggedIn,*REDACTED*,0,*REDACTED*,*REDACTED*,,Succeeded,*REDACTED*,*REDACTED*,*REDACTED*,*REDACTED*,1,*REDACTED*,*REDACTED*,2019-12-02T14:42:18,*REDACTED*,1,15,*REDACTED*,*REDACTED*,AzureActiveDirectory,*REDACTED*,*REDACTED*,*REDACTED*,*REDACTED*
UserLoggedIn,*REDACTED*,0,*REDACTED*,*REDACTED*,,Succeeded,*REDACTED*,*REDACTED*,*REDACTED*,*REDACTED*,1,*REDACTED*,*REDACTED*,2019-12-02T14:42:18,*REDACTED*,1,15,*REDACTED*,*REDACTED*,AzureActiveDirectory,*REDACTED*,*REDACTED*,*REDACTED*,*REDACTED*
UserLoggedIn,*REDACTED*,0,*REDACTED*,*REDACTED*,,Succeeded,*REDACTED*,*REDACTED*,*REDACTED*,*REDACTED*,1,*REDACTED*,*REDACTED*,2019-12-02T14:42:20,*REDACTED*,1,15,*REDACTED*,*REDACTED*,AzureActiveDirectory,*REDACTED*,*REDACTED*,*REDACTED*,*REDACTED*
UserLoggedIn,*REDACTED*,0,*REDACTED*,*REDACTED*,,Succeeded,*REDACTED*,*REDACTED*,*REDACTED*,*REDACTED*,1,*REDACTED*,*REDACTED*,2019-12-02T14:42:20,*REDACTED*,1,15,*REDACTED*,*REDACTED*,AzureActiveDirectory,*REDACTED*,*REDACTED*,*REDACTED*,*REDACTED*
UserLoggedIn,*REDACTED*,0,*REDACTED*,*REDACTED*,,Succeeded,*REDACTED*,*REDACTED*,*REDACTED*,*REDACTED*,1,*REDACTED*,*REDACTED*,2019-12-02T14:42:21,*REDACTED*,1,15,*REDACTED*,*REDACTED*,AzureActiveDirectory,*REDACTED*,*REDACTED*,*REDACTED*,*REDACTED*
UserLoggedIn,*REDACTED*,0,*REDACTED*,*REDACTED*,,Succeeded,*REDACTED*,*REDACTED*,*REDACTED*,*REDACTED*,1,*REDACTED*,*REDACTED*,2019-12-02T14:42:21,*REDACTED*,1,15,*REDACTED*,*REDACTED*,AzureActiveDirectory,*REDACTED*,*REDACTED*,*REDACTED*,*REDACTED*
UserLoggedIn,*REDACTED*,0,*REDACTED*,*REDACTED*,,Succeeded,*REDACTED*,*REDACTED*,*REDACTED*,*REDACTED*,1,*REDACTED*,*REDACTED*,2019-12-02T14:42:21,*REDACTED*,1,15,*REDACTED*,*REDACTED*,AzureActiveDirectory,*REDACTED*,*REDACTED*,*REDACTED*,*REDACTED*
UserLoggedIn,*REDACTED*,0,*REDACTED*,*REDACTED*,,Succeeded,*REDACTED*,*REDACTED*,*REDACTED*,*REDACTED*,1,*REDACTED*,*REDACTED*,2019-12-02T14:42:21,*REDACTED*,1,15,*REDACTED*,*REDACTED*,AzureActiveDirectory,*REDACTED*,*REDACTED*,*REDACTED*,*REDACTED*
UserLoggedIn,*REDACTED*,0,*REDACTED*,*REDACTED*,,Succeeded,*REDACTED*,*REDACTED*,*REDACTED*,*REDACTED*,1,*REDACTED*,*REDACTED*,2019-12-02T14:42:22,*REDACTED*,1,15,*REDACTED*,*REDACTED*,AzureActiveDirectory,*REDACTED*,*REDACTED*,*REDACTED*,*REDACTED*
UserLoggedIn,*REDACTED*,0,*REDACTED*,*REDACTED*,,Succeeded,*REDACTED*,*REDACTED*,*REDACTED*,*REDACTED*,1,*REDACTED*,*REDACTED*,2019-12-02T14:42:22,*REDACTED*,1,15,*REDACTED*,*REDACTED*,AzureActiveDirectory,*REDACTED*,*REDACTED*,*REDACTED*,*REDACTED*
UserLoggedIn,*REDACTED*,0,*REDACTED*,*REDACTED*,,Succeeded,*REDACTED*,*REDACTED*,*REDACTED*,*REDACTED*,1,*REDACTED*,*REDACTED*,2019-12-02T14:42:22,*REDACTED*,1,15,*REDACTED*,*REDACTED*,AzureActiveDirectory,*REDACTED*,*REDACTED*,*REDACTED*,*REDACTED*
UserLoggedIn,*REDACTED*,0,*REDACTED*,*REDACTED*,,Succeeded,*REDACTED*,*REDACTED*,*REDACTED*,*REDACTED*,1,*REDACTED*,*REDACTED*,2019-12-02T14:42:22,*REDACTED*,1,15,*REDACTED*,*REDACTED*,AzureActiveDirectory,*REDACTED*,*REDACTED*,*REDACTED*,*REDACTED*
UserLoggedIn,*REDACTED*,0,*REDACTED*,*REDACTED*,,Succeeded,*REDACTED*,*REDACTED*,*REDACTED*,*REDACTED*,1,*REDACTED*,*REDACTED*,2019-12-02T15:19:41,*REDACTED*,1,15,*REDACTED*,*REDACTED*,AzureActiveDirectory,*REDACTED*,*REDACTED*,*REDACTED*,*REDACTED*
UserLoggedIn,*REDACTED*,0,*REDACTED*,*REDACTED*,,Succeeded,*REDACTED*,*REDACTED*,*REDACTED*,*REDACTED*,1,*REDACTED*,*REDACTED*,2019-12-02T15:19:41,*REDACTED*,1,15,*REDACTED*,*REDACTED*,AzureActiveDirectory,*REDACTED*,*REDACTED*,*REDACTED*,*REDACTED*
UserLoggedIn,*REDACTED*,0,*REDACTED*,*REDACTED*,,Succeeded,*REDACTED*,*REDACTED*,*REDACTED*,*REDACTED*,1,*REDACTED*,*REDACTED*,2019-12-02T15:39:28,*REDACTED*,1,15,*REDACTED*,*REDACTED*,AzureActiveDirectory,*REDACTED*,*REDACTED*,*REDACTED*,*REDACTED*
UserLoggedIn,*REDACTED*,0,*REDACTED*,*REDACTED*,,Succeeded,*REDACTED*,*REDACTED*,*REDACTED*,*REDACTED*,1,*REDACTED*,*REDACTED*,2019-12-02T15:39:28,*REDACTED*,1,15,*REDACTED*,*REDACTED*,AzureActiveDirectory,*REDACTED*,*REDACTED*,*REDACTED*,*REDACTED*
UserLoggedIn,*REDACTED*,0,*REDACTED*,*REDACTED*,,Succeeded,*REDACTED*,*REDACTED*,*REDACTED*,*REDACTED*,1,*REDACTED*,*REDACTED*,2019-12-02T15:39:30,*REDACTED*,1,15,*REDACTED*,*REDACTED*,AzureActiveDirectory,*REDACTED*,*REDACTED*,*REDACTED*,*REDACTED*
UserLoggedIn,*REDACTED*,0,*REDACTED*,*REDACTED*,,Succeeded,*REDACTED*,*REDACTED*,*REDACTED*,*REDACTED*,1,*REDACTED*,*REDACTED*,2019-12-02T15:39:30,*REDACTED*,1,15,*REDACTED*,*REDACTED*,AzureActiveDirectory,*REDACTED*,*REDACTED*,*REDACTED*,*REDACTED*
UserLoggedIn,*REDACTED*,0,*REDACTED*,*REDACTED*,,Succeeded,*REDACTED*,*REDACTED*,*REDACTED*,*REDACTED*,1,*REDACTED*,*REDACTED*,2019-12-02T15:39:32,*REDACTED*,1,15,*REDACTED*,*REDACTED*,AzureActiveDirectory,*REDACTED*,*REDACTED*,*REDACTED*,*REDACTED*
UserLoggedIn,*REDACTED*,0,*REDACTED*,*REDACTED*,,Succeeded,*REDACTED*,*REDACTED*,*REDACTED*,*REDACTED*,1,*REDACTED*,*REDACTED*,2019-12-02T15:39:32,*REDACTED*,1,15,*REDACTED*,*REDACTED*,AzureActiveDirectory,*REDACTED*,*REDACTED*,*REDACTED*,*REDACTED*
UserLoggedIn,*REDACTED*,0,*REDACTED*,*REDACTED*,,Succeeded,*REDACTED*,*REDACTED*,*REDACTED*,*REDACTED*,1,*REDACTED*,*REDACTED*,2019-12-02T19:06:54,*REDACTED*,1,15,*REDACTED*,*REDACTED*,AzureActiveDirectory,*REDACTED*,*REDACTED*,*REDACTED*,*REDACTED*
UserLoggedIn,*REDACTED*,0,*REDACTED*,*REDACTED*,,Succeeded,*REDACTED*,*REDACTED*,*REDACTED*,*REDACTED*,1,*REDACTED*,*REDACTED*,2019-12-02T19:06:54,*REDACTED*,1,15,*REDACTED*,*REDACTED*,AzureActiveDirectory,*REDACTED*,*REDACTED*,*REDACTED*,*REDACTED*
UserLoggedIn,*REDACTED*,0,*REDACTED*,*REDACTED*,,Succeeded,*REDACTED*,*REDACTED*,*REDACTED*,*REDACTED*,1,*REDACTED*,*REDACTED*,2019-12-02T19:06:56,*REDACTED*,1,15,*REDACTED*,*REDACTED*,AzureActiveDirectory,*REDACTED*,*REDACTED*,*REDACTED*,*REDACTED*
UserLoggedIn,*REDACTED*,0,*REDACTED*,*REDACTED*,,Succeeded,*REDACTED*,*REDACTED*,*REDACTED*,*REDACTED*,1,*REDACTED*,*REDACTED*,2019-12-02T19:06:56,*REDACTED*,1,15,*REDACTED*,*REDACTED*,AzureActiveDirectory,*REDACTED*,*REDACTED*,*REDACTED*,*REDACTED*
UserLoggedIn,*REDACTED*,0,*REDACTED*,*REDACTED*,,Succeeded,*REDACTED*,*REDACTED*,*REDACTED*,*REDACTED*,1,*REDACTED*,*REDACTED*,2019-12-02T19:06:58,*REDACTED*,1,15,*REDACTED*,*REDACTED*,AzureActiveDirectory,*REDACTED*,*REDACTED*,*REDACTED*,*REDACTED*
UserLoggedIn,*REDACTED*,0,*REDACTED*,*REDACTED*,,Succeeded,*REDACTED*,*REDACTED*,*REDACTED*,*REDACTED*,1,*REDACTED*,*REDACTED*,2019-12-02T19:06:58,*REDACTED*,1,15,*REDACTED*,*REDACTED*,AzureActiveDirectory,*REDACTED*,*REDACTED*,*REDACTED*,*REDACTED*
UserLoggedIn,*REDACTED*,0,*REDACTED*,*REDACTED*,,Succeeded,*REDACTED*,*REDACTED*,*REDACTED*,*REDACTED*,1,*REDACTED*,*REDACTED*,2019-12-02T19:39:45,*REDACTED*,1,15,*REDACTED*,*REDACTED*,AzureActiveDirectory,*REDACTED*,*REDACTED*,*REDACTED*,*REDACTED*
UserLoggedIn,*REDACTED*,0,*REDACTED*,*REDACTED*,,Succeeded,*REDACTED*,*REDACTED*,*REDACTED*,*REDACTED*,1,*REDACTED*,*REDACTED*,2019-12-02T19:39:45,*REDACTED*,1,15,*REDACTED*,*REDACTED*,AzureActiveDirectory,*REDACTED*,*REDACTED*,*REDACTED*,*REDACTED*
UserLoggedIn,*REDACTED*,0,*REDACTED*,*REDACTED*,,Succeeded,*REDACTED*,*REDACTED*,*REDACTED*,*REDACTED*,1,*REDACTED*,*REDACTED*,2019-12-02T20:32:13,*REDACTED*,1,15,*REDACTED*,*REDACTED*,AzureActiveDirectory,*REDACTED*,*REDACTED*,*REDACTED*,*REDACTED*
UserLoggedIn,*REDACTED*,0,*REDACTED*,*REDACTED*,,Succeeded,*REDACTED*,*REDACTED*,*REDACTED*,*REDACTED*,1,*REDACTED*,*REDACTED*,2019-12-02T20:32:13,*REDACTED*,1,15,*REDACTED*,*REDACTED*,AzureActiveDirectory,*REDACTED*,*REDACTED*,*REDACTED*,*REDACTED*
UserLoggedIn,*REDACTED*,0,*REDACTED*,*REDACTED*,,Succeeded,*REDACTED*,*REDACTED*,*REDACTED*,*REDACTED*,1,*REDACTED*,*REDACTED*,2019-12-02T20:48:56,*REDACTED*,1,15,*REDACTED*,*REDACTED*,AzureActiveDirectory,*REDACTED*,*REDACTED*,*REDACTED*,*REDACTED*
UserLoggedIn,*REDACTED*,0,*REDACTED*,*REDACTED*,,Succeeded,*REDACTED*,*REDACTED*,*REDACTED*,*REDACTED*,1,*REDACTED*,*REDACTED*,2019-12-02T20:48:56,*REDACTED*,1,15,*REDACTED*,*REDACTED*,AzureActiveDirectory,*REDACTED*,*REDACTED*,*REDACTED*,*REDACTED*
UserLoggedIn,*REDACTED*,0,*REDACTED*,*REDACTED*,,Succeeded,*REDACTED*,*REDACTED*,*REDACTED*,*REDACTED*,1,*REDACTED*,*REDACTED*,2019-12-02T20:49:13,*REDACTED*,1,15,*REDACTED*,*REDACTED*,AzureActiveDirectory,*REDACTED*,*REDACTED*,*REDACTED*,*REDACTED*
UserLoggedIn,*REDACTED*,0,*REDACTED*,*REDACTED*,,Succeeded,*REDACTED*,*REDACTED*,*REDACTED*,*REDACTED*,1,*REDACTED*,*REDACTED*,2019-12-02T20:49:13,*REDACTED*,1,15,*REDACTED*,*REDACTED*,AzureActiveDirectory,*REDACTED*,*REDACTED*,*REDACTED*,*REDACTED*
UserLoggedIn,*REDACTED*,0,*REDACTED*,*REDACTED*,,Succeeded,*REDACTED*,*REDACTED*,*REDACTED*,*REDACTED*,1,*REDACTED*,*REDACTED*,2019-12-02T20:49:16,*REDACTED*,1,15,*REDACTED*,*REDACTED*,AzureActiveDirectory,*REDACTED*,*REDACTED*,*REDACTED*,*REDACTED*
UserLoggedIn,*REDACTED*,0,*REDACTED*,*REDACTED*,,Succeeded,*REDACTED*,*REDACTED*,*REDACTED*,*REDACTED*,1,*REDACTED*,*REDACTED*,2019-12-02T20:49:16,*REDACTED*,1,15,*REDACTED*,*REDACTED*,AzureActiveDirectory,*REDACTED*,*REDACTED*,*REDACTED*,*REDACTED*
UserLoggedIn,*REDACTED*,0,*REDACTED*,*REDACTED*,,Succeeded,*REDACTED*,*REDACTED*,*REDACTED*,*REDACTED*,1,*REDACTED*,*REDACTED*,2019-12-02T20:49:18,*REDACTED*,1,15,*REDACTED*,*REDACTED*,AzureActiveDirectory,*REDACTED*,*REDACTED*,*REDACTED*,*REDACTED*
UserLoggedIn,*REDACTED*,0,*REDACTED*,*REDACTED*,,Succeeded,*REDACTED*,*REDACTED*,*REDACTED*,*REDACTED*,1,*REDACTED*,*REDACTED*,2019-12-02T20:49:18,*REDACTED*,1,15,*REDACTED*,*REDACTED*,AzureActiveDirectory,*REDACTED*,*REDACTED*,*REDACTED*,*REDACTED*
UserLoggedIn,*REDACTED*,0,*REDACTED*,*REDACTED*,,Succeeded,*REDACTED*,*REDACTED*,*REDACTED*,*REDACTED*,1,*REDACTED*,*REDACTED*,2019-12-02T20:49:19,*REDACTED*,1,15,*REDACTED*,*REDACTED*,AzureActiveDirectory,*REDACTED*,*REDACTED*,*REDACTED*,*REDACTED*
UserLoggedIn,*REDACTED*,0,*REDACTED*,*REDACTED*,,Succeeded,*REDACTED*,*REDACTED*,*REDACTED*,*REDACTED*,1,*REDACTED*,*REDACTED*,2019-12-02T20:49:19,*REDACTED*,1,15,*REDACTED*,*REDACTED*,AzureActiveDirectory,*REDACTED*,*REDACTED*,*REDACTED*,*REDACTED*
UserLoggedIn,*REDACTED*,0,*REDACTED*,*REDACTED*,,Succeeded,*REDACTED*,*REDACTED*,*REDACTED*,*REDACTED*,1,*REDACTED*,*REDACTED*,2019-12-02T20:49:20,*REDACTED*,1,15,*REDACTED*,*REDACTED*,AzureActiveDirectory,*REDACTED*,*REDACTED*,*REDACTED*,*REDACTED*
UserLoggedIn,*REDACTED*,0,*REDACTED*,*REDACTED*,,Succeeded,*REDACTED*,*REDACTED*,*REDACTED*,*REDACTED*,1,*REDACTED*,*REDACTED*,2019-12-02T20:49:20,*REDACTED*,1,15,*REDACTED*,*REDACTED*,AzureActiveDirectory,*REDACTED*,*REDACTED*,*REDACTED*,*REDACTED*
